Sara Food & Drinks ,"Burgers, Fried Chicken",Gulshan,http://harriken.com/restaurants/sara-food-drinks-gulshan-1-dhaka-2,https://s3-ap-southeast-1.amazonaws.com/harriken/images/outlet-cover/thumb/420x135.jpg,4.6,,"Shop B-63/A, Gulshan Shopping Center (Opposite Side to Jabber Tower), Gulshan Avenue, Gulshan 1, Dhaka 1212"
Obhijat Misti Biponi ,Mishti,Gulshan,http://harriken.com/restaurants/obhijat-misti-biponi-gulshan-1-dhaka,https://s3-ap-southeast-1.amazonaws.com/harriken/images/outlet-cover/thumb/420x135.jpg,4.9,88029844487,"House 5, Gulshan 1, Dhaka 1212"
Art Cafe ,"Burgers, Coffee",Gulshan,http://harriken.com/restaurants/art-cafe-gulshan-avenue-dhaka,https://s3-ap-southeast-1.amazonaws.com/harriken/images/outlet-cover/thumb/2018/03/2018032512031325828DDWZ.jpg,0.0,,"60 Gulshan Avenue (Ground Floor), Dhaka 1212"
Purnima Restaurant ,"Biryani, Bangladeshi",Gulshan,http://harriken.com/restaurants/purnima-restaurant-gulshan-1-dhaka,https://s3-ap-southeast-1.amazonaws.com/harriken/images/outlet-cover/thumb/420x135.jpg,0.0,,"50 Habib Market, Gulshan 1, Dhaka 1212"
Classy Dine ,"Chinese, Indian, Thai, Set Menus",Gulshan,http://harriken.com/restaurants/classy-dine-gulshan-1-dhaka,https://s3-ap-southeast-1.amazonaws.com/harriken/images/outlet-cover/thumb/2018/04/20180411110415228029VTF.jpg,0.0,,"House 1/B, Road 5, Gulshan 1, Dhaka 1212"
Cozy Sizzler ,"Seafood, Steaks, Buffet",Gulshan,http://harriken.com/restaurants/cozy-sizzler-restaurant-gulshan-2-dhaka,https://s3-ap-southeast-1.amazonaws.com/harriken/images/outlet-cover/thumb/2017/04/2017042304040918885I6GT.jpg,4.7,,"House CEN 4G, Road 104, Gulshan 2, Dhaka 1212"
Ibrahim's ,"Coffee, Kebabs, Fresh Juices",Gulshan,http://harriken.com/restaurants/ibrahims-gulshan-2-dhaka,https://s3-ap-southeast-1.amazonaws.com/harriken/images/outlet-cover/thumb/2018/05/2018050605050025828SRMO.jpg,0.0,,"Road 112, Gulshan 2, Dhaka 1212"
Marble Slab Creamery ,"Cakes, Pastries, Ice Cream",Gulshan,http://harriken.com/restaurants/marble-slab-creamery-bangladesh-gulshan-2-dhaka,https://s3-ap-southeast-1.amazonaws.com/harriken/images/outlet-cover/thumb/2017/09/2017092105090222755NEMW.png,4.8,,"40/8 North Avenue, Gulshan 2, Dhaka 1212"
Deck 41 ,Quick Bites,Gulshan,http://harriken.com/restaurants/deck-41-amari-dhaka,https://s3-ap-southeast-1.amazonaws.com/harriken/images/outlet-cover/thumb/2017/09/2017093001090922802CL0Z.jpg,0.0,880255059620,"Amari Dhaka (15th Floor), House 47, Road 41, Gulshan 2, Dhaka 1212"
Raffinato Ristorante Italiano ,"Pizzas, Pastas, Italian",Gulshan,http://harriken.com/restaurants/raffinato-ristorante-italiano-gulshan-2-dhaka,https://s3-ap-southeast-1.amazonaws.com/harriken/images/outlet-cover/thumb/2017/09/20170913100949228029AEP.jpg,4.3,,"House 9, Road 36, Gulshan 2, Dhaka 1212"
Kabab Factory ,"Indian, Kebabs, Pakistani",Gulshan,http://harriken.com/restaurants/kabab-factory-gulshan-2-dhaka,https://s3-ap-southeast-1.amazonaws.com/harriken/images/outlet-cover/thumb/2018/01/2018010102014422802AONP.jpg,0.0,,"House 9/A, Road 53, Gulshan 2, Dhaka 1212"
American Burger ,Burgers,Gulshan,http://harriken.com/restaurants/american-burger-gulshan-2-dhaka,https://s3-ap-southeast-1.amazonaws.com/harriken/images/outlet-cover/thumb/2017/09/20170905020902228028627.jpg,4.7,8801979224425,"Metropolitan Shopping Plaza (Ground Floor), Shops 21 and 22, Gulshan 2, Dhaka 1212"
Fantasium ,Quick Bites,Gulshan,http://harriken.com/restaurants/fantasium-gulshan-2-dhaka,https://s3-ap-southeast-1.amazonaws.com/harriken/images/outlet-cover/thumb/2000_1_Uv2GVNxy.jpg,4.5,8801711627390,"Pink City, House 15, Road 103, Block CEN, Gulshan 2, Dhaka 1212"
Bread & Beyond ,"Coffee, Sandwiches, Cakes, Pastries",Gulshan,http://harriken.com/restaurants/bread-beyond-gulshan-2-dhaka,https://s3-ap-southeast-1.amazonaws.com/harriken/images/outlet-cover/thumb/2017/11/20171113111123228024E9C.jpg,0.0,,"Gulshan Bhaban Market (Ground Floor), Shop 4, Gulshan Circle 2, Dhaka 1212"
Coffee World ,"Coffee, Desserts, Sandwiches, Iced Drinks",Gulshan,http://harriken.com/restaurants/coffee-world-gulshan-1-dhaka,https://s3-ap-southeast-1.amazonaws.com/harriken/images/outlet-cover/thumb/2018/02/20180228020200228029LZX.jpg,0.0,,"Crystal Point (Ground Floor), Plot 2, Road 21, Gulshan 1, Dhaka 1212"
Rosebud Restaurant ,Chinese,Gulshan,http://harriken.com/restaurants/rosebud-restaurant-gulshan-1-dhaka,https://s3-ap-southeast-1.amazonaws.com/harriken/images/outlet-cover/thumb/1963_1_bnvW9Ao3.jpg,4.1,8801847090505,"56 Gulshan Avenue, Dhaka 1212"
Mama Fuchka and Fast Food ,"Rolls, Quick Bites",Gulshan,http://harriken.com/restaurants/mama-fuchka-and-fast-food-niketon-dhaka,https://s3-ap-southeast-1.amazonaws.com/harriken/images/outlet-cover/thumb/420x135.jpg,0.0,,"Shop 8, Eastern Poishi Market, House 74, Road 8, Niketon, Gulshan 1, Dhaka 1212"
Oasis Lounge ,"Coffee, Quick Bites, Tea",Gulshan,http://harriken.com/restaurants/oasis-lounge-four-points-by-sheraton-dhaka,https://s3-ap-southeast-1.amazonaws.com/harriken/images/outlet-cover/thumb/2017/04/2017042001045818885QUG6.JPG,0.0,,"Four Points by Sheraton, Tower Building (2nd Floor), 6/A North Avenue, Gulshan 2, Dhaka 1212"
CP Five Star ,Fried Chicken,Gulshan,http://harriken.com/restaurants/cp-five-star-gulshan-2-dhaka,https://s3-ap-southeast-1.amazonaws.com/harriken/images/outlet-cover/thumb/1210_1_0V86edpR.jpg,0.0,8801715692348,"Hanif Tower, Gulshan 2, Dhaka 1212"
Pizza Hut ,"Pizzas, Pastas",Gulshan,http://harriken.com/restaurants/pizza-hut-gulshan-1-dhaka,https://s3-ap-southeast-1.amazonaws.com/harriken/images/outlet-cover/thumb/2017/07/2017072602074018885DNWY.png,4.3,,"House SEF(1), Road 140, Gulshan South Avenue, Gulshan 1, Dhaka 1212"
Rosh Mishti ,Mishti,Gulshan,http://harriken.com/restaurants/rosh-mishti-gulshan-1-dhaka,https://s3-ap-southeast-1.amazonaws.com/harriken/images/outlet-cover/thumb/420x135.jpg,0.0,88029895902,"Shop 23, Ground Floor, Gulshan Shopping Center, Plot 14, Gulshan 1, Dhaka 1212"
Sub Lover's ,Mexican,Gulshan,http://harriken.com/restaurants/sub-lovers-police-plaza-concord-dhaka,https://s3-ap-southeast-1.amazonaws.com/harriken/images/outlet-cover/thumb/420x135.jpg,4.8,8801874609814,"Shop 544, 4th Floor, Police Plaza Concord, Gulshan 1, Dhaka 1212"
138 East ,"Grill, Pizzas, Tex Mex",Gulshan,http://harriken.com/restaurants/138-east-gulshan-1-dhaka,https://s3-ap-southeast-1.amazonaws.com/harriken/images/outlet-cover/thumb/2018/01/2018010308010622802DMYW.jpg,4.0,,"House 10 (1st Floor), Road 138, Gulshan 1, Dhaka 1212"
Seasonal Tastes ,"Asian, Buffet",Gulshan,http://harriken.com/restaurants/seasonal-tastes-westin-dhaka,https://s3-ap-southeast-1.amazonaws.com/harriken/images/outlet-cover/thumb/2017/06/2017062908063218885XOJU.jpg,4.8,,"The Westin Dhaka (2nd Floor), Plot 1, Road 45, Main Gulshan Avenue, CWN (B), Gulshan 2, Dhaka 1212"
Shack ,Burgers,Gulshan,http://harriken.com/restaurants/shack-gulshan-1-dhaka,https://s3-ap-southeast-1.amazonaws.com/harriken/images/outlet-cover/thumb/2018/01/20180129010107228023D1E.jpg,4.5,8801971234727,"House 1/A (Ground Floor), Road 23, Gulshan 1, Dhaka 1212"
Modhuban ,Mishti,Gulshan,http://harriken.com/restaurants/modhuban-gulshan-1-dhaka,https://s3-ap-southeast-1.amazonaws.com/harriken/images/outlet-cover/thumb/420x135.jpg,5.0,8801835192952,"Shop B5, Ground Floor, Gulshan Shopping Center, Gulshan 1 Dhaka 1212"
Zafran Restaurant ,"Indian, Asian Fusion",Gulshan,http://harriken.com/restaurants/zafran-restaurant-gulshan-1-dhaka,https://s3-ap-southeast-1.amazonaws.com/harriken/images/outlet-cover/thumb/2983_1_pZlsLKv1.jpg,5.0,,"HB Tower, House 1A, Road 23, Gulshan 1, Dhaka 1212"
Tasty Tibet ,Momos,Gulshan,http://harriken.com/restaurants/tasty-tibet-gulshan-avenue-dhaka,https://s3-ap-southeast-1.amazonaws.com/harriken/images/outlet-cover/thumb/2017/11/20171120041144258282TTQ.jpg,0.0,8801713190042,"House 109, Shwapno, Hosna Tower, Gulshan Avenue, Dhaka 1212"
Imam Bari Cafe Gulshan ,Bangladeshi,Gulshan,http://harriken.com/restaurants/imam-bari-cafe-gulshan-gulshan-1-dhaka,https://s3-ap-southeast-1.amazonaws.com/harriken/images/outlet-cover/thumb/420x135.jpg,0.0,8801920823361,"Shop 69/70, Gulshan Shopping Center (Jabber Tower opposite side), Gulshan Avenue, Gulshan 1, Dhaka 1212"
Umai ,"Japanese, Sushi",Gulshan,http://harriken.com/restaurants/umai-gulshan-2-dhaka,https://s3-ap-southeast-1.amazonaws.com/harriken/images/outlet-cover/thumb/2017/05/2017050503055018885D04S.jpg,4.5,,"House 8, Road 50, Gulshan 2, Dhaka 1212"
Spaghetti Jazz ,"Italian, Pastas, Pizzas, Steaks",Gulshan,http://harriken.com/restaurants/spaghetti-jazz-gulshan-2-dhaka,https://s3-ap-southeast-1.amazonaws.com/harriken/images/outlet-cover/thumb/2017/10/2017101405104822802IAUY.jpg,4.3,,"Rob Bhaban (4th Floor), Plot 3, Gulshan 2 Circle, Dhaka 1212"
Red Velvet ,"Desserts, Quick Bites",Gulshan,http://harriken.com/restaurants/red-velvet-gulshan-1-dhaka,https://s3-ap-southeast-1.amazonaws.com/harriken/images/outlet-cover/thumb/420x135.jpg,0.0,,"RM Center, 101 Gulshan Avenue, Dhaka 1212"
The Great Kabab Factory ,"Buffet, Kebabs, Indian",Gulshan,http://harriken.com/restaurants/the-great-kabab-factory-gulshan-2-dhaka,https://s3-ap-southeast-1.amazonaws.com/harriken/images/outlet-cover/thumb/2017/12/2017122809122022802WQ2T.jpg,0.0,,"Samsuddin Mansion (5th Floor), Gulshan 2, Dhaka 1212"
Cozy Sizzler ,"Seafood, Steaks, Buffet",Gulshan,http://harriken.com/restaurants/cozy-sizzler-restaurant-gulshan-2-dhaka,https://s3-ap-southeast-1.amazonaws.com/harriken/images/outlet-cover/thumb/2017/04/2017042304040918885I6GT.jpg,4.7,,"House CEN 4G, Road 104, Gulshan 2, Dhaka 1212"
Sushi Tei ,"Japanese, Sushi",Gulshan,http://harriken.com/restaurants/sushi-tei-gulshan-1-dhaka,https://s3-ap-southeast-1.amazonaws.com/harriken/images/outlet-cover/thumb/2017/12/2017123011124522802TWCG.jpg,4.4,,"Crystal Palace (1st Floor), House SE(D) 22, Road 140, Bir Uttam Mir Shawkat Sarak, Gulshan, Dhaka 1212"
Bengal Restaurnt ,"Indian, Kebabs",Gulshan,http://harriken.com/restaurants/bengal-restaurnt-gulshan-1-dhaka,https://s3-ap-southeast-1.amazonaws.com/harriken/images/outlet-cover/thumb/420x135.jpg,0.0,,"Bengal Inn, House -07, Road -16, Gulshan 1, Dhaka 1212"
Crimson Cup ,"Coffee, Iced Drinks",Gulshan,http://harriken.com/restaurants/crimson-cup-gulshan-1-dhaka,https://s3-ap-southeast-1.amazonaws.com/harriken/images/outlet-cover/thumb/2018/05/2018050902050122802DV9U.jpg,0.0,,"Saiham Tower (Ground Floor), House 34, Road 136, Block SE (C)1, Dhaka 1212"
Chatime ,"Iced Drinks, Tea, Shakes",Gulshan,http://harriken.com/restaurants/chatime-gulshan-avenue-dhaka,https://s3-ap-southeast-1.amazonaws.com/harriken/images/outlet-cover/thumb/2018/02/2018022304023022802VIUG.jpg,0.0,,"Casablanca Ridge Park (1st Floor), 114 Gulshan Avenue, Dhaka 1212"
Baton Rouge ,Buffet,Gulshan,http://harriken.com/restaurants/baton-rouge-gulshan-2-dhaka,https://s3-ap-southeast-1.amazonaws.com/harriken/images/outlet-cover/thumb/2001_1_cmexjqzm.jpg,4.4,8801724125457,"Pink City (7th Floor), House 15, Road 103, Block CEN, Gulshan 2, Dhaka 1212"
Sausage World ,"Pastas, Seafood, Steaks",Gulshan,http://harriken.com/restaurants/sausage-world-gulshan-2-dhaka,https://s3-ap-southeast-1.amazonaws.com/harriken/images/outlet-cover/thumb/2018/03/2018032512031625828ECZR.jpg,0.0,,"House 9, Road 5, Gulshan 2, Dhaka 1212"
Gloria Jean's Coffees ,"Coffee, Quick Bites, Iced Drinks, Breakfast and Brunch",Gulshan,http://harriken.com/restaurants/gloria-jeans-coffees-gulshan-2-dhaka,https://s3-ap-southeast-1.amazonaws.com/harriken/images/outlet-cover/thumb/2017/10/2017102902103422802TW3E.jpg,4.4,,"House 2B, Block NE(B), Road 71, Gulshan 2, Dhaka 1212"
Pizza Hut ,"Pastas, Pizzas",Gulshan,http://harriken.com/restaurants/pizza-hut-gulshan-2-dhaka,https://s3-ap-southeast-1.amazonaws.com/harriken/images/outlet-cover/thumb/2017/07/2017072603073318885D0FT.png,4.4,,"RM Center (1st Floor), 101 Gulshan Avenue, Gulshan 2, Dhaka 1212"
Khazana Mithai ,Mishti,Gulshan,http://harriken.com/restaurants/khazana-mithai-gulshan-2-dhaka-2,https://s3-ap-southeast-1.amazonaws.com/harriken/images/outlet-cover/thumb/2017022607020613618SLIB.jpg,0.0,8801617000080,"House 9, Road 55, Gulshan 2, Dhaka 1212"
Binni Restaurant ,"Daal Bhaat, Bangladeshi, Biryani",Gulshan,http://harriken.com/restaurants/binni-restaurant-gulshan-1-dhaka,https://s3-ap-southeast-1.amazonaws.com/harriken/images/outlet-cover/thumb/2017/11/2017112211113922802NBRK.jpg,4.5,,"Concord Sark Building, House 56/A, Road 132, Gulshan 1, Dhaka 1212"
Umbrella Restaurant ,Thai,Gulshan,http://harriken.com/restaurants/umbrella-restaurant-gulshan-1-dhaka,https://s3-ap-southeast-1.amazonaws.com/harriken/images/outlet-cover/thumb/2017/12/2017120301123725828GTPT.jpg,0.0,8801736358556,"Navana Shopping Complex (4th Floor), Gulshan 1, Dhaka 1212"
Pizza Inn ,Pizzas,Gulshan,http://harriken.com/restaurants/pizza-inn-gulshan-1-dhaka,https://s3-ap-southeast-1.amazonaws.com/harriken/images/outlet-cover/thumb/2018/01/2018012503014122802COUH.jpg,0.0,8809610074992,"House 74, Road 127, Gulshan 1, Dhaka 1212"
The Living Room ,Quick Bites,Gulshan,http://harriken.com/restaurants/the-living-room-westin-dhaka,https://s3-ap-southeast-1.amazonaws.com/harriken/images/outlet-cover/thumb/2017/06/2017062908060518885MX52.jpg,0.0,88029891988,"The Westin Dhaka (1st Floor), Plot 1, Road 45, Main Gulshan Avenue, CWN (B), Gulshan 2, Dhaka 1212"
Dae Jang Geum ,Korean,Gulshan,http://harriken.com/restaurants/dae-jang-geum-gulshan-2-dhaka,https://s3-ap-southeast-1.amazonaws.com/harriken/images/outlet-cover/thumb/2017/11/2017111807114322802CVRY.jpg,4.8,88028837681,"House 11/B, Road 50, Gulshan 2, Dhaka 1212"
KFC ,Fried Chicken,Gulshan,http://harriken.com/restaurants/kfc-gulshan-2-dhaka,https://s3-ap-southeast-1.amazonaws.com/harriken/images/outlet-cover/thumb/2017022605021513618DT3F.jpg,0.0,88029859654,"RM Center (1st Floor), 101 Gulshan Avenue, Gulshan 2, Dhaka 1212"
The Holy Crab ,Seafood,Gulshan,http://harriken.com/restaurants/the-holy-crab-gulshan-1-dhaka,https://s3-ap-southeast-1.amazonaws.com/harriken/images/outlet-cover/thumb/2018/03/2018030104033129262TELL.jpg,4.1,8801991199454,"Crystal Palace (2nd Floor), 22 Gulshan South Avenue, Gulshan 1, Dhaka 1212"
Vinno Shaad ,"Indian, Bangladeshi",Gulshan,http://harriken.com/restaurants/vinno-shaad-six-seasons-hotel-dhaka,https://s3-ap-southeast-1.amazonaws.com/harriken/images/outlet-cover/thumb/420x135.jpg,0.0,,"Six Seasons Hotel (Ground Floor), House 19, Road 96, Gulshan 2, Dhaka 1212"
6 on 96 Cafe ,"Coffee, Quick Bites",Gulshan,http://harriken.com/restaurants/6-on-96-cafe-six-seasons-hotel-dhaka,https://s3-ap-southeast-1.amazonaws.com/harriken/images/outlet-cover/thumb/2018/01/2018012503015325828ZZDU.jpg,0.0,,"Six Seasons Hotel(Ground Floor), House 19, Road 96, Gulshan 2, Dhaka, Bangladesh 1212"
Spaghetti Jazz ,"Italian, Pastas, Pizzas, Steaks",Gulshan,http://harriken.com/restaurants/spaghetti-jazz-gulshan-2-dhaka,https://s3-ap-southeast-1.amazonaws.com/harriken/images/outlet-cover/thumb/2017/10/2017101405104822802IAUY.jpg,4.3,,"Rob Bhaban (4th Floor), Plot 3, Gulshan 2 Circle, Dhaka 1212"
Suraon ,"Tabletop BBQ and Grill, Korean",Gulshan,http://harriken.com/restaurants/suraon-gulshan-2-dhaka,https://s3-ap-southeast-1.amazonaws.com/harriken/images/outlet-cover/thumb/2336_1_koGAcOUz.jpg,0.0,,"House 7/2, Road 71, Gulshan 2, Dhaka 1212"
Premium Sweets ,"Mishti, Biryani, Khichuri",Gulshan,http://harriken.com/restaurants/premium-sweets-gulshan-1-dhaka,https://s3-ap-southeast-1.amazonaws.com/harriken/images/outlet-cover/thumb/2017/05/2017050406050918885NXNA.jpg,5.0,,"1st Floor, House 1B, Road 8, Gulshan 1, Dhaka 1212"
Kiyoshi ,"Japanese, Sushi, Asian Fusion, Bento Boxes",Gulshan,http://harriken.com/restaurants/kiyoshi-gulshan-1-dhaka,https://s3-ap-southeast-1.amazonaws.com/harriken/images/outlet-cover/thumb/2018/07/2018070104075722802OT4O.jpg,4.5,,"House 24 (1st Floor), Road 2, Gulshan 1, Dhaka 1212"
Classy Dine ,"Chinese, Indian, Thai, Set Menus",Gulshan,http://harriken.com/restaurants/classy-dine-gulshan-1-dhaka,https://s3-ap-southeast-1.amazonaws.com/harriken/images/outlet-cover/thumb/2018/04/20180411110415228029VTF.jpg,0.0,,"House 1/B, Road 5, Gulshan 1, Dhaka 1212"
Shack ,Burgers,Gulshan,http://harriken.com/restaurants/shack-gulshan-1-dhaka,https://s3-ap-southeast-1.amazonaws.com/harriken/images/outlet-cover/thumb/2018/01/20180129010107228023D1E.jpg,4.5,8801971234727,"House 1/A (Ground Floor), Road 23, Gulshan 1, Dhaka 1212"
Art Cafe ,"Burgers, Coffee",Gulshan,http://harriken.com/restaurants/art-cafe-gulshan-avenue-dhaka,https://s3-ap-southeast-1.amazonaws.com/harriken/images/outlet-cover/thumb/2018/03/2018032512031325828DDWZ.jpg,0.0,,"60 Gulshan Avenue (Ground Floor), Dhaka 1212"
Bhai Bhai Biriyani House and Restora ,Biryani,Gulshan,http://harriken.com/restaurants/bhai-bhai-biriyani-house-and-restora-gulshan-1-dhaka,https://s3-ap-southeast-1.amazonaws.com/harriken/images/outlet-cover/thumb/420x135.jpg,0.0,8801710758727,"Shop 3, Ground Floor, Gulshan Shopping Center, Bir Uttam A. K. Khandakar Road, Gulshan 1, Dhaka 1212"
Shack ,Burgers,Gulshan,http://harriken.com/restaurants/shack-gulshan-1-dhaka,https://s3-ap-southeast-1.amazonaws.com/harriken/images/outlet-cover/thumb/2018/01/20180129010107228023D1E.jpg,4.5,8801971234727,"House 1/A (Ground Floor), Road 23, Gulshan 1, Dhaka 1212"
Cafe Mario's ,"Grill, Mexican",Gulshan,http://harriken.com/restaurants/cafe-marios-gulshan-2-dhaka,https://s3-ap-southeast-1.amazonaws.com/harriken/images/outlet-cover/thumb/2017/12/20171223101247266120SWT.jpg,0.0,,"House 11, Road 68, Gulshan 2, Dhaka 1212"
Gloria Jean's Coffees ,"Coffee, Quick Bites, Iced Drinks, Breakfast and Brunch",Gulshan,http://harriken.com/restaurants/gloria-jeans-coffees-gulshan-2-dhaka,https://s3-ap-southeast-1.amazonaws.com/harriken/images/outlet-cover/thumb/2017/10/2017102902103422802TW3E.jpg,4.4,,"House 2B, Block NE(B), Road 71, Gulshan 2, Dhaka 1212"
Canary Pine Restaurant ,"Indian, Continental",Gulshan,http://harriken.com/restaurants/canary-pine-restaurant-hotel-bengal-canary-park-dhaka,https://s3-ap-southeast-1.amazonaws.com/harriken/images/outlet-cover/thumb/2017/06/2017060110063018885C3S6.jpg,4.4,,"House 08, Road 16/A, Gulshan 1, Dhaka 1212"
Hardee's ,Quick Bites,Gulshan,http://harriken.com/restaurants/hardees-gulshan-1-dhaka,https://s3-ap-southeast-1.amazonaws.com/harriken/images/outlet-cover/thumb/420x135.jpg,0.0,88029895317,"Shop 37, 1st Floor, D.C.C Market, Gulshan 1, Dhaka 1212"
Glazed ,"Coffee, Doughnuts",Gulshan,http://harriken.com/restaurants/glazed-gulshan-2-dhaka,https://s3-ap-southeast-1.amazonaws.com/harriken/images/outlet-cover/thumb/2017030205033513618LURO.jpg,4.6,,"Shop G2, Ground Floor, DCC Market, Gulshan 2, Dhaka 1212"
Obhijat Misti Biponi ,Mishti,Gulshan,http://harriken.com/restaurants/obhijat-misti-biponi-gulshan-1-dhaka,https://s3-ap-southeast-1.amazonaws.com/harriken/images/outlet-cover/thumb/420x135.jpg,4.9,88029844487,"House 5, Gulshan 1, Dhaka 1212"
Bonne Terre BBQ & Seafood ,"BBQ, Indian, Continental",Gulshan,http://harriken.com/restaurants/bonne-terre-bbq-seafood-grand-oriental-hotel-dhaka,https://s3-ap-southeast-1.amazonaws.com/harriken/images/outlet-cover/thumb/420x135.jpg,4.1,,"House 1/B, Road 23, Gulshan 1, Dhaka 1212"
Kiyoshi ,"Japanese, Sushi, Asian Fusion, Bento Boxes",Gulshan,http://harriken.com/restaurants/kiyoshi-gulshan-1-dhaka,https://s3-ap-southeast-1.amazonaws.com/harriken/images/outlet-cover/thumb/2018/07/2018070104075722802OT4O.jpg,4.5,,"House 24 (1st Floor), Road 2, Gulshan 1, Dhaka 1212"
Meraki ,"Seafood, Grill, Continental",Gulshan,http://harriken.com/restaurants/meraki-gulshan-2-dhaka,https://s3-ap-southeast-1.amazonaws.com/harriken/images/outlet-cover/thumb/2018/02/2018021403022822802L44O.jpg,4.5,,"188 Gulshan Avenue, Gulshan 2, Dhaka 1212"
Alif Restaurant ,Daal Bhaat,Gulshan,http://harriken.com/restaurants/alif-restaurant-niketon-dhaka,https://s3-ap-southeast-1.amazonaws.com/harriken/images/outlet-cover/thumb/420x135.jpg,0.0,8801975120441,"House 82, Road 2, Block A, Niketon, Gulshan 1, Dhaka 1212"
Khushboo Restaurant ,"Bangladeshi, Chinese",Gulshan,http://harriken.com/restaurants/khushboo-restaurant-gulshan-1-dhaka,https://s3-ap-southeast-1.amazonaws.com/harriken/images/outlet-cover/thumb/420x135.jpg,0.0,,"House 60, Road 131, Gulshan 1, Dhaka 1212"
The Coffee Bean & Tea Leaf ,"Quick Bites, Iced Drinks, Coffee, Sandwiches, Breakfast and Brunch",Gulshan,http://harriken.com/restaurants/the-coffee-bean-tea-leaf-gulshan-2-dhaka,https://s3-ap-southeast-1.amazonaws.com/harriken/images/outlet-cover/thumb/2017021505025213618W7XI.png,4.4,,"House 11/A, Road 117, Gulshan 2, Dhaka 1212"
Sweets of Bengal ,Mishti,Gulshan,http://harriken.com/restaurants/sweets-of-bengal-gulshan-1-dhaka,https://s3-ap-southeast-1.amazonaws.com/harriken/images/outlet-cover/thumb/2018/03/2018033103031722802URKL.jpg,0.0,8801874050400,"60 Gulshan Avenue (Ground Floor), Dhaka 1212"
Cafe Crush ,"Burgers, Coffee",Gulshan,http://harriken.com/restaurants/cafe-crush-gulshan-1-dhaka,https://s3-ap-southeast-1.amazonaws.com/harriken/images/outlet-cover/thumb/2017/12/2017121903120525828GRH6.jpg,0.0,,"House  2, Road 3, Gulshan 1, Dhaka 1212"
Binni Restaurant ,"Daal Bhaat, Bangladeshi, Biryani",Gulshan,http://harriken.com/restaurants/binni-restaurant-gulshan-1-dhaka,https://s3-ap-southeast-1.amazonaws.com/harriken/images/outlet-cover/thumb/2017/11/2017112211113922802NBRK.jpg,4.5,,"Concord Sark Building, House 56/A, Road 132, Gulshan 1, Dhaka 1212"
Movenpick ,"Ice Cream, Coffee",Gulshan,http://harriken.com/restaurants/movenpick-gulshan-2-dhaka,https://s3-ap-southeast-1.amazonaws.com/harriken/images/outlet-cover/thumb/2017/10/20171031061046228026KBA.jpg,4.3,,"Shariatullah Bhaban (1st Floor), 121/C Gulshan Avenue, Gulshan 2, Dhaka 1212"
Wrapped ,"Coffee, Pastries, Tea, Sandwiches, Wraps",Gulshan,http://harriken.com/restaurants/wrapped-four-points-by-sheraton-dhaka,https://s3-ap-southeast-1.amazonaws.com/harriken/images/outlet-cover/thumb/2017/05/20170510060516188853EGL.jpg,4.9,,"Four Points by Sheraton, Tower Building (Ground Floor), 6/A North Avenue, Gulshan 2, Dhaka 1212"
Cold Stone Creamery ,"Desserts, Ice Cream, Iced Drinks",Gulshan,http://harriken.com/restaurants/cold-stone-creamery-gulshan-1-dhaka,https://s3-ap-southeast-1.amazonaws.com/harriken/images/outlet-cover/thumb/2017/12/2017122705124522802C95G.jpg,4.5,,"Plot 6, Block SW(I), Gulshan Avenue, Gulshan 1, Dhaka 1212"
Splash ,Continental,Gulshan,http://harriken.com/restaurants/splash-westin-dhaka,https://s3-ap-southeast-1.amazonaws.com/harriken/images/outlet-cover/thumb/2018/04/2018042403040825828OSKL.jpg,4.4,8801730374872,"The Westin Dhaka (5th Floor), Plot 1, Road 45, Main Gulshan Avenue, CWN (B), Gulshan 2, Dhaka 1212"
Pizza Roma ,"Pizzas, Italian",Gulshan,http://harriken.com/restaurants/pizza-roma-gulshan-2-dhaka,https://s3-ap-southeast-1.amazonaws.com/harriken/images/outlet-cover/thumb/2017/11/2017110504114522802E06D.jpg,4.5,,"House 15, Road 108, Gulshan 2, Dhaka 1212"
California Fried Chicken & Pastry Shop (CFC) ,"Fried Chicken, Cakes, Pastries",Gulshan,http://harriken.com/restaurants/california-fried-chicken-pastry-shop-cfc-niketon-dhaka,https://s3-ap-southeast-1.amazonaws.com/harriken/images/outlet-cover/thumb/20170226050222136183RDO.jpg,4.3,,"House 4/A, Road 2, Gulshan South, Gulshan 1, Dhaka 1212"
The Great Kabab Factory ,"Buffet, Kebabs, Indian",Gulshan,http://harriken.com/restaurants/the-great-kabab-factory-gulshan-2-dhaka,https://s3-ap-southeast-1.amazonaws.com/harriken/images/outlet-cover/thumb/2017/12/2017122809122022802WQ2T.jpg,0.0,,"Samsuddin Mansion (5th Floor), Gulshan 2, Dhaka 1212"
Khazana ,"Indian, Pakistani",Gulshan,http://harriken.com/restaurants/khazana-gulshan-2-dhaka,https://s3-ap-southeast-1.amazonaws.com/harriken/images/outlet-cover/thumb/2018/02/20180211120249258282NRC.jpg,4.3,,"House 8, Road 51, Gulshan 2, Dhaka 1212"
Abacus Restaurant ,"Chinese, Indian, Thai",Gulshan,http://harriken.com/restaurants/abacus-restaurant-gulshan-1-dhaka,https://s3-ap-southeast-1.amazonaws.com/harriken/images/outlet-cover/thumb/2018/03/2018032212032125828QLOC.jpg,0.0,,"House SE(C)2, Road 138, Gulshan Avenue, Gulshan 1, Dhaka 1212"
Tony Roma's ,"Seafood, Steaks",Gulshan,http://harriken.com/restaurants/tony-romas-bangladesh-gulshan-2-dhaka,https://s3-ap-southeast-1.amazonaws.com/harriken/images/outlet-cover/thumb/2018/02/2018021502022922802UY0E.jpg,4.4,,"House 4/A, Road 74, Gulshan 2, Dhaka 1212"
Raffinato Ristorante Italiano ,"Pizzas, Pastas, Italian",Gulshan,http://harriken.com/restaurants/raffinato-ristorante-italiano-gulshan-2-dhaka,https://s3-ap-southeast-1.amazonaws.com/harriken/images/outlet-cover/thumb/2017/09/20170913100949228029AEP.jpg,4.3,,"House 9, Road 36, Gulshan 2, Dhaka 1212"
The Coffee Bean & Tea Leaf ,"Quick Bites, Iced Drinks, Coffee, Sandwiches, Breakfast and Brunch",Gulshan,http://harriken.com/restaurants/the-coffee-bean-tea-leaf-gulshan-2-dhaka,https://s3-ap-southeast-1.amazonaws.com/harriken/images/outlet-cover/thumb/2017021505025213618W7XI.png,4.4,,"House 11/A, Road 117, Gulshan 2, Dhaka 1212"
Bao ,"Bao, Sandwiches, Tea",Gulshan,http://harriken.com/restaurants/bao-gulshan-1-dhaka,https://s3-ap-southeast-1.amazonaws.com/harriken/images/outlet-cover/thumb/2017/09/2017092903095922802E05Q.jpg,4.1,,"House 1/A (1st Floor), Road 23, Gulshan 1, Dhaka 1212"
Bikrampur Mistanna Bhandar ,Mishti,Gulshan,http://harriken.com/restaurants/bikrampur-mistanna-bhandar-gulshan-1-dhaka,https://s3-ap-southeast-1.amazonaws.com/harriken/images/outlet-cover/thumb/1922_1_E4yGws9L.jpg,0.0,88017198521233,"19 Bir Uttam Mir Shawkat Sarak, Gulshan 1, Dhaka 1212"
American Burger ,Burgers,Gulshan,http://harriken.com/restaurants/american-burger-gulshan-2-dhaka,https://s3-ap-southeast-1.amazonaws.com/harriken/images/outlet-cover/thumb/2017/09/20170905020902228028627.jpg,4.7,8801979224425,"Metropolitan Shopping Plaza (Ground Floor), Shops 21 and 22, Gulshan 2, Dhaka 1212"
Butlers Chocolate Cafe ,"Coffee, Desserts, Pizzas, Breakfast and Brunch",Gulshan,http://harriken.com/restaurants/butlers-chocolate-cafe-gulshan-2-dhaka,https://s3-ap-southeast-1.amazonaws.com/harriken/images/outlet-cover/thumb/2017022710022813618DBZV.jpg,4.3,,"175 Gulshan Avenue, Gulshan 2, Dhaka 1212"
Coffee World ,"Coffee, Desserts, Sandwiches, Iced Drinks",Gulshan,http://harriken.com/restaurants/coffee-world-gulshan-1-dhaka,https://s3-ap-southeast-1.amazonaws.com/harriken/images/outlet-cover/thumb/2018/02/20180228020200228029LZX.jpg,0.0,,"Crystal Point (Ground Floor), Plot 2, Road 21, Gulshan 1, Dhaka 1212"
Candyfloss ,"Burgers, Sandwiches, Tehari",Gulshan,http://harriken.com/restaurants/candyfloss-gulshan-1-dhaka,https://s3-ap-southeast-1.amazonaws.com/harriken/images/outlet-cover/thumb/2882_1_YPCJC1Xm.jpg,5.0,,"Jabbar Tower (Ground Floor), 42 Gulshan Avenue, Gulshan 1, Dhaka 1212"
Krua Thai ,"Desserts, Thai",Gulshan,http://harriken.com/restaurants/krua-thai-gulshan-1-dhaka,https://s3-ap-southeast-1.amazonaws.com/harriken/images/outlet-cover/thumb/420x135.jpg,4.8,,"Hatirjheel, Gulshan 1, Dhaka 1212"
Mr. Baker ,"Quick Bites, Cakes, Pastries",Gulshan,http://harriken.com/restaurants/mr-baker-gulshan-1-dhaka,https://s3-ap-southeast-1.amazonaws.com/harriken/images/outlet-cover/thumb/420x135.jpg,4.5,,"46/1 Gulshan Avenue, Gulshan 1, Dhaka 1212"
Imam Bari Cafe Gulshan ,Bangladeshi,Gulshan,http://harriken.com/restaurants/imam-bari-cafe-gulshan-gulshan-1-dhaka,https://s3-ap-southeast-1.amazonaws.com/harriken/images/outlet-cover/thumb/420x135.jpg,0.0,8801920823361,"Shop 69/70, Gulshan Shopping Center (Jabber Tower opposite side), Gulshan Avenue, Gulshan 1, Dhaka 1212"
Food Gallery ,Quick Bites,Gulshan,http://harriken.com/restaurants/food-gallery-niketon-dhaka,https://s3-ap-southeast-1.amazonaws.com/harriken/images/outlet-cover/thumb/420x135.jpg,5.0,8801798779911,"Ground Floor, Plot 93/3, Road 8, Block C, Niketon, Gulshan 1, Dhaka 1212"
Oasis Lounge ,"Coffee, Quick Bites, Tea",Gulshan,http://harriken.com/restaurants/oasis-lounge-four-points-by-sheraton-dhaka,https://s3-ap-southeast-1.amazonaws.com/harriken/images/outlet-cover/thumb/2017/04/2017042001045818885QUG6.JPG,0.0,,"Four Points by Sheraton, Tower Building (2nd Floor), 6/A North Avenue, Gulshan 2, Dhaka 1212"
Topkapi ,"Buffet, Chinese, Thai",Gulshan,http://harriken.com/restaurants/topkapi-gulshan-2-dhaka,https://s3-ap-southeast-1.amazonaws.com/harriken/images/outlet-cover/thumb/2017/12/2017121806122125828E5QH.jpg,4.6,,"134 Gulshan Avenue, Gulshan 2, Dhaka 1212"
The Mughal Kitchen ,"Arabian, Indian",Gulshan,http://harriken.com/restaurants/the-mughal-kitchen-gulshan-1-dhaka,https://s3-ap-southeast-1.amazonaws.com/harriken/images/outlet-cover/thumb/2017030211030613618Z1TS.jpg,0.0,,"House 4, Road 9, Gulshan 1, Dhaka 1212"
Gloria Jean's Coffees ,"Coffee, Quick Bites, Iced Drinks, Breakfast and Brunch",Gulshan,http://harriken.com/restaurants/gloria-jeans-coffees-gulshan-2-dhaka,https://s3-ap-southeast-1.amazonaws.com/harriken/images/outlet-cover/thumb/2017/10/2017102902103422802TW3E.jpg,4.4,,"House 2B, Block NE(B), Road 71, Gulshan 2, Dhaka 1212"
Chatime ,"Iced Drinks, Tea, Shakes",Gulshan,http://harriken.com/restaurants/chatime-gulshan-avenue-dhaka,https://s3-ap-southeast-1.amazonaws.com/harriken/images/outlet-cover/thumb/2018/02/2018022304023022802VIUG.jpg,0.0,,"Casablanca Ridge Park (1st Floor), 114 Gulshan Avenue, Dhaka 1212"
Spice Chicken ,"Burgers, Fried Chicken",Gulshan,http://harriken.com/restaurants/spice-chicken-police-plaza-concord-dhaka,https://s3-ap-southeast-1.amazonaws.com/harriken/images/outlet-cover/thumb/420x135.jpg,0.0,,"Shop 515, 4th Floor, Police Plaza Concord, Plot 2, Road 144, Gulshan 1, Dhaka 1212"
Fusion Cafe ,"Quick Bites, Fuchka Chotpoti",Gulshan,http://harriken.com/restaurants/fusion-cafe-gulshan-1-dhaka,https://s3-ap-southeast-1.amazonaws.com/harriken/images/outlet-cover/thumb/2018/05/2018050702053922802B7CL.jpg,0.0,,"74 Gulshan Avenue, Dhaka 1212"
Alif Fast Food and Juice Bar ,"Fried Chicken, Biryani",Gulshan,http://harriken.com/restaurants/alif-fast-food-and-juice-bar-niketon-dhaka,https://s3-ap-southeast-1.amazonaws.com/harriken/images/outlet-cover/thumb/420x135.jpg,0.0,,"House 145, Road 3, Block A, Niketon, Gulshan 1, Dhaka 1212"
The Sonar Tori Restaurant ,Bangladeshi,Gulshan,http://harriken.com/restaurants/the-sonar-tori-restaurant-gulshan-1-dhaka,https://s3-ap-southeast-1.amazonaws.com/harriken/images/outlet-cover/thumb/420x135.jpg,0.0,8801863823065,"Shop B-25, Gulshan Shopping Center, Road 11, Gulshan 1, Dhaka 1212"
Burger World ,Burgers,Gulshan,http://harriken.com/restaurants/burger-world-gulshan-1-dhaka,https://s3-ap-southeast-1.amazonaws.com/harriken/images/outlet-cover/thumb/420x135.jpg,0.0,8801913989909,"56 Gulshan Avenue, Dhaka 1212"
CP Five Star ,"Fried Chicken, Quick Bites",Gulshan,http://harriken.com/restaurants/cp-five-star-gulshan-1-dhaka,https://s3-ap-southeast-1.amazonaws.com/harriken/images/outlet-cover/thumb/1929_1_6W3yPd1K.jpg,0.0,,"5 Bir Uttam Mir Shawkat Sarak, Gulshan 1, Dhaka 1212"
Gulshan Biriyani House ,Biryani,Gulshan,http://harriken.com/restaurants/gulshan-biriyani-house-gulshan-1-dhaka,https://s3-ap-southeast-1.amazonaws.com/harriken/images/outlet-cover/thumb/420x135.jpg,0.0,8801925995742,"79 Bir Uttam Mir Shawkat Sarak, Gulshan 1, Dhaka 1212"
New Zealand Natural Premium Ice Cream ,Ice Cream,Gulshan,http://harriken.com/restaurants/new-zealand-natural-premium-ice-cream-gulshan-1-dhaka,https://s3-ap-southeast-1.amazonaws.com/harriken/images/outlet-cover/thumb/2017030211031913618ZSBJ.jpg,4.3,8801765246946,"House 10A, Road 142, Gulshan 1, Dhaka 1212"
Prego ,"Italian, Pastas, Pizzas",Gulshan,http://harriken.com/restaurants/prego-westin-dhaka-2,https://s3-ap-southeast-1.amazonaws.com/harriken/images/outlet-cover/thumb/2017/06/2017062908060418885JG6Q.jpg,0.0,,"The Westin Dhaka (23rd Floor), Plot 1, Road 45, Main Gulshan Avenue, CWN (B), Gulshan 2, Dhaka 1212"
Umbrella Restaurant ,Thai,Gulshan,http://harriken.com/restaurants/umbrella-restaurant-gulshan-1-dhaka,https://s3-ap-southeast-1.amazonaws.com/harriken/images/outlet-cover/thumb/2017/12/2017120301123725828GTPT.jpg,0.0,8801736358556,"Navana Shopping Complex (4th Floor), Gulshan 1, Dhaka 1212"
Sugarchoo ,"Coffee, Fresh Juices",Gulshan,http://harriken.com/restaurants/sugarchoo-gulshan-1-dhaka,https://s3-ap-southeast-1.amazonaws.com/harriken/images/outlet-cover/thumb/2018/04/2018041904045625828LEIV.jpg,0.0,,"Shop 552/555, 4th Floor, Police Plaza Concord , Plot 2, Road 144, Gulshan 1, Dhaka 1212"
Kiyoshi ,"Japanese, Sushi, Asian Fusion, Bento Boxes",Gulshan,http://harriken.com/restaurants/kiyoshi-gulshan-1-dhaka,https://s3-ap-southeast-1.amazonaws.com/harriken/images/outlet-cover/thumb/2018/07/2018070104075722802OT4O.jpg,4.5,,"House 24 (1st Floor), Road 2, Gulshan 1, Dhaka 1212"
Kabab Factory ,"Indian, Kebabs, Pakistani",Gulshan,http://harriken.com/restaurants/kabab-factory-gulshan-2-dhaka,https://s3-ap-southeast-1.amazonaws.com/harriken/images/outlet-cover/thumb/2018/01/2018010102014422802AONP.jpg,0.0,,"House 9/A, Road 53, Gulshan 2, Dhaka 1212"
Margarita Storm ,Mexican,Gulshan,http://harriken.com/restaurants/margarita-storm-gulshan-2-dhaka,https://s3-ap-southeast-1.amazonaws.com/harriken/images/outlet-cover/thumb/2471_1_Qd2IDYBT.jpg,0.0,8801627771111,"House 16B, Road 112, Gulshan 2, Dhaka 1212"
Signature ,"Thai, Buffet, Set Menus",Gulshan,http://harriken.com/restaurants/signature-gulshan-1-dhaka,https://s3-ap-southeast-1.amazonaws.com/harriken/images/outlet-cover/thumb/2272_1_S7xZ2b7n.jpg,5.0,,"54/A Gulshan Avenue (1st Floor), Gulshan 1, Dhaka 1212"
Kasturi Garden ,"Chinese, Indian",Gulshan,http://harriken.com/restaurants/kasturi-garden-gulshan-1-dhaka,https://s3-ap-southeast-1.amazonaws.com/harriken/images/outlet-cover/thumb/420x135.jpg,0.0,,"House 25, Road 24, Gulshan 1, Dhaka 1212"
Tehari on Wheels ,Tehari,Gulshan,http://harriken.com/restaurants/tehari-on-wheels-gulshan-2-dhaka,https://s3-ap-southeast-1.amazonaws.com/harriken/images/outlet-cover/thumb/420x135.jpg,0.0,8801902363696,"House 10 (3rd Floor), Road 53, Gulshan 2, Dhaka 1212"
Al Arabian Cake & Sweets ,"Desserts, Cakes",Gulshan,http://harriken.com/restaurants/al-arabian-cake-sweets-gulshan-2-dhaka,https://s3-ap-southeast-1.amazonaws.com/harriken/images/outlet-cover/thumb/2018/03/2018032201031325828G6F9.jpg,0.0,,"9 Palladium Market, Road 97, Gulshan 1212"
Arabian Grill & Platter ,"Middle Eastern, Arabian, Kebabs",Gulshan,http://harriken.com/restaurants/arabian-grill-platter-gulshan-2-dhaka,https://s3-ap-southeast-1.amazonaws.com/harriken/images/outlet-cover/thumb/2018/03/201803211103162582869MD.jpg,0.0,,"RM Center (4th Floor), 101 Gulshan Avenue, Gulshan 2, Dhaka 1212"
Abacus Restaurant ,"Chinese, Indian, Thai",Gulshan,http://harriken.com/restaurants/abacus-restaurant-gulshan-1-dhaka,https://s3-ap-southeast-1.amazonaws.com/harriken/images/outlet-cover/thumb/2018/03/2018032212032125828QLOC.jpg,0.0,,"House SE(C)2, Road 138, Gulshan Avenue, Gulshan 1, Dhaka 1212"
Khusbu Biriyani House ,"Biryani, Grill",Gulshan,http://harriken.com/restaurants/khusbu-biriyani-house-gulshan-2-dhaka,https://s3-ap-southeast-1.amazonaws.com/harriken/images/outlet-cover/thumb/420x135.jpg,0.0,,"9/A Bhaban Market, Gulshan 2, Dhaka 1212"
Bao ,"Bao, Sandwiches, Tea",Gulshan,http://harriken.com/restaurants/bao-gulshan-1-dhaka,https://s3-ap-southeast-1.amazonaws.com/harriken/images/outlet-cover/thumb/2017/09/2017092903095922802E05Q.jpg,4.1,,"House 1/A (1st Floor), Road 23, Gulshan 1, Dhaka 1212"
Gloria Jean's Coffees ,"Coffee, Quick Bites, Iced Drinks, Breakfast and Brunch",Gulshan,http://harriken.com/restaurants/gloria-jeans-coffees-gulshan-1-dhaka,https://s3-ap-southeast-1.amazonaws.com/harriken/images/outlet-cover/thumb/2018/03/2018031902035322802KX7A.jpg,4.3,,"35 Gulshan Avenue, Dhaka 1212"
Premium Sweets ,"Mishti, Biryani, Khichuri",Gulshan,http://harriken.com/restaurants/premium-sweets-gulshan-1-dhaka,https://s3-ap-southeast-1.amazonaws.com/harriken/images/outlet-cover/thumb/2017/05/2017050406050918885NXNA.jpg,5.0,,"1st Floor, House 1B, Road 8, Gulshan 1, Dhaka 1212"
Kenny Rogers Restaurant ,"Fried Chicken, Quick Bites",Gulshan,http://harriken.com/restaurants/kenny-rogers-restaurant-gulshan-1-dhaka,https://s3-ap-southeast-1.amazonaws.com/harriken/images/outlet-cover/thumb/2017/09/2017091403093522802GO7H.jpg,0.0,,"76 Gulshan Avenue, Gulshan 1, Dhaka 1212"
CP Five Star ,"Fried Chicken, Quick Bites",Gulshan,http://harriken.com/restaurants/cp-five-star-gulshan-1-dhaka,https://s3-ap-southeast-1.amazonaws.com/harriken/images/outlet-cover/thumb/1929_1_6W3yPd1K.jpg,0.0,,"5 Bir Uttam Mir Shawkat Sarak, Gulshan 1, Dhaka 1212"
Rosh Mishti ,Mishti,Gulshan,http://harriken.com/restaurants/rosh-mishti-gulshan-2-dhaka,https://s3-ap-southeast-1.amazonaws.com/harriken/images/outlet-cover/thumb/420x135.jpg,0.0,88029856951,"Shop 2, Ground Floor, Gulshan Bhabon Market, Gulshan 2 Circle, Dhaka 1212"
Bunka ,"Chinese, Korean, Oriental, Buffet",Gulshan,http://harriken.com/restaurants/bunka-six-seasons-hotel-dhaka,https://s3-ap-southeast-1.amazonaws.com/harriken/images/outlet-cover/thumb/2018/03/2018032005035425828UTQY.jpg,4.2,,"Six Seasons Hotel (13th Floor), House 19, Road 96, Gulshan 2, Dhaka 1212"
Sawadee ,"Buffet, Chinese, Indian",Gulshan,http://harriken.com/restaurants/sawadee-grand-oriental-hotel-dhaka,https://s3-ap-southeast-1.amazonaws.com/harriken/images/outlet-cover/thumb/2449_1_vAY83oks.jpg,0.0,,"Plot 1/B (1st Floor), Road 23, Gulshan 1, Dhaka 1212"
Thai Cuisine ,Thai,Gulshan,http://harriken.com/restaurants/thai-cuisine-gulshan-1-dhaka,https://s3-ap-southeast-1.amazonaws.com/harriken/images/outlet-cover/thumb/420x135.jpg,0.0,88029859242,"54/A Gulshan 1, Dhaka 1212"
Pier 138 ,"Seafood, Steaks",Gulshan,http://harriken.com/restaurants/pier-138-gulshan-1-dhaka,https://s3-ap-southeast-1.amazonaws.com/harriken/images/outlet-cover/thumb/2018/02/2018021907022622802W0VK.jpg,4.5,,"House 10 (Ground Floor), Road 138, Gulshan 1, Dhaka 1212"
House Cafe ,Quick Bites,Gulshan,http://harriken.com/restaurants/house-cafe-gulshan-2-dhaka,https://s3-ap-southeast-1.amazonaws.com/harriken/images/outlet-cover/thumb/420x135.jpg,4.0,8801921083402,"House 14/B, Road 57, Gulshan 2, Dhaka 1212"
bbq Bangladesh ,"BBQ, Pizzas, Asian Fusion, Chicken",Gulshan,http://harriken.com/restaurants/bbq-bangladesh-gulshan-2-dhaka,https://s3-ap-southeast-1.amazonaws.com/harriken/images/outlet-cover/thumb/2017/12/2017122703123722802E4AW.jpg,4.4,,"House 175/A (1st & 2nd Floors), Road 61, Gulshan 2, Dhaka 1212"
Sugarchoo ,"Coffee, Fresh Juices",Gulshan,http://harriken.com/restaurants/sugarchoo-gulshan-1-dhaka,https://s3-ap-southeast-1.amazonaws.com/harriken/images/outlet-cover/thumb/2018/04/2018041904045625828LEIV.jpg,0.0,,"Shop 552/555, 4th Floor, Police Plaza Concord , Plot 2, Road 144, Gulshan 1, Dhaka 1212"
Bamboo Shoot ,Chinese,Gulshan,http://harriken.com/restaurants/bamboo-shoot-gulshan-2-dhaka,https://s3-ap-southeast-1.amazonaws.com/harriken/images/outlet-cover/thumb/2017/11/20171130111152258286KVA.jpg,4.1,88029888307,"RM Center (1st Floor), 101 Gulshan Avenue, Gulshan 2, Dhaka 1212"
Lettuce ,"Salads, Iced Drinks",Gulshan,http://harriken.com/restaurants/lettuce-gulshan-2-dhaka,https://s3-ap-southeast-1.amazonaws.com/harriken/images/outlet-cover/thumb/420x135.jpg,0.0,,"DCC Super Market, Gulshan 2, Dhaka 1212"
Rosh Mishti ,Mishti,Gulshan,http://harriken.com/restaurants/rosh-mishti-gulshan-1-dhaka,https://s3-ap-southeast-1.amazonaws.com/harriken/images/outlet-cover/thumb/420x135.jpg,0.0,88029895902,"Shop 23, Ground Floor, Gulshan Shopping Center, Plot 14, Gulshan 1, Dhaka 1212"
Meraki ,"Seafood, Grill, Continental",Gulshan,http://harriken.com/restaurants/meraki-gulshan-2-dhaka,https://s3-ap-southeast-1.amazonaws.com/harriken/images/outlet-cover/thumb/2018/02/2018021403022822802L44O.jpg,4.5,,"188 Gulshan Avenue, Gulshan 2, Dhaka 1212"
Chatime ,"Shakes, Iced Drinks, Tea",Gulshan,http://harriken.com/restaurants/chatime-gulshan-1-dhaka,https://s3-ap-southeast-1.amazonaws.com/harriken/images/outlet-cover/thumb/2018/04/2018042411041422802SZ2A.jpg,4.5,,"Crystal Palace (2nd Floor), 22 Gulshan South Avenue, Gulshan 1, Dhaka 1212"
The Beast ,"Seafood, Steaks",Gulshan,http://harriken.com/restaurants/the-beast-four-points-by-sheraton-dhaka,https://s3-ap-southeast-1.amazonaws.com/harriken/images/outlet-cover/thumb/2017/04/2017042001045718885ZCBV.png,4.6,,"Four Points by Sheraton, Tower Building (26th Floor), 6/A North Avenue, Gulshan 2, Dhaka 1212"
Chef's Kitchen ,"Chinese, Indian, Thai",Gulshan,http://harriken.com/restaurants/chefs-kitchen-police-plaza-concord-dhaka,https://s3-ap-southeast-1.amazonaws.com/harriken/images/outlet-cover/thumb/2018/04/2018041203043725828KAR0.jpg,4.0,,"Shop 553-554, 4th Floor, Police Plaza Concord, Gulshan 1, Dhaka 1212"
Apurbo Restora ,Biryani,Gulshan,http://harriken.com/restaurants/apurbo-restora-gulshan-2-dhaka,https://s3-ap-southeast-1.amazonaws.com/harriken/images/outlet-cover/thumb/420x135.jpg,4.1,8801712657004,"House 45, Road 46, Gulshan 2, Dhaka 1212"
Cafe Crush ,"Burgers, Coffee",Gulshan,http://harriken.com/restaurants/cafe-crush-gulshan-1-dhaka,https://s3-ap-southeast-1.amazonaws.com/harriken/images/outlet-cover/thumb/2017/12/2017121903120525828GRH6.jpg,0.0,,"House  2, Road 3, Gulshan 1, Dhaka 1212"
Bistro E ,"Coffee, Sandwiches, Burgers, Breakfast and Brunch",Gulshan,http://harriken.com/restaurants/bistro-e-gulshan-2-dhaka,https://s3-ap-southeast-1.amazonaws.com/harriken/images/outlet-cover/thumb/2017/11/2017111501114222802TYIZ.jpg,4.7,,"Bay's Edgewater (1st Floor), NE (N) 12 North Avenue, Gulshan 2, Dhaka 1212"
Gardenia Grand Hall ,"Continental, Buffet",Gulshan,http://harriken.com/restaurants/gardenia-grand-hall-gulshan-2-dhaka,https://s3-ap-southeast-1.amazonaws.com/harriken/images/outlet-cover/thumb/2398_1_SRXFvEQ8.jpg,0.0,,"House NW(I) 8, Road 51, Gulshan 2, Dhaka 1212"
Time Out ,"Asian Fusion, Mexican, Chaap",Gulshan,http://harriken.com/restaurants/time-out-gulshan-1-dhaka,https://s3-ap-southeast-1.amazonaws.com/harriken/images/outlet-cover/thumb/2018/06/2018060402064122754FXBF.jpeg,4.0,,"House 6, Road 23/A, Gulshan 1, Dhaka 1212"
Mollika Snacks ,Quick Bites,Gulshan,http://harriken.com/restaurants/mollika-snacks-gulshan-2-dhaka,https://s3-ap-southeast-1.amazonaws.com/harriken/images/outlet-cover/thumb/420x135.jpg,0.0,8801628994908,"Rupayan Golden Age (1st Floor), House 99, Road 37, Gulshan 2, Dhaka 1212"
KFC ,Fried Chicken,Gulshan,http://harriken.com/restaurants/kfc-gulshan-2-dhaka,https://s3-ap-southeast-1.amazonaws.com/harriken/images/outlet-cover/thumb/2017022605021513618DT3F.jpg,0.0,88029859654,"RM Center (1st Floor), 101 Gulshan Avenue, Gulshan 2, Dhaka 1212"
Olive Garden ,Chinese,Gulshan,http://harriken.com/restaurants/olive-garden-gulshan-2-dhaka,https://s3-ap-southeast-1.amazonaws.com/harriken/images/outlet-cover/thumb/2387_1_XuGzHFxi.jpg,0.0,8801755559494,"House 37, Road 35, Gulshan 2, Dhaka 1212"
The Coffee Bean & Tea Leaf ,"Quick Bites, Iced Drinks, Coffee, Sandwiches, Breakfast and Brunch",Gulshan,http://harriken.com/restaurants/the-coffee-bean-tea-leaf-gulshan-2-dhaka,https://s3-ap-southeast-1.amazonaws.com/harriken/images/outlet-cover/thumb/2017021505025213618W7XI.png,4.4,,"House 11/A, Road 117, Gulshan 2, Dhaka 1212"
Fusion Cafe ,"Quick Bites, Fuchka Chotpoti",Gulshan,http://harriken.com/restaurants/fusion-cafe-gulshan-1-dhaka,https://s3-ap-southeast-1.amazonaws.com/harriken/images/outlet-cover/thumb/2018/05/2018050702053922802B7CL.jpg,0.0,,"74 Gulshan Avenue, Dhaka 1212"
Cafe.com ,"Biryani, Coffee, Pastas",Gulshan,http://harriken.com/restaurants/cafecom-niketon-dhaka,https://s3-ap-southeast-1.amazonaws.com/harriken/images/outlet-cover/thumb/420x135.jpg,5.0,,"House 94, Road 10/2, Block D, Niketon, Gulshan 1, Dhaka 1212"
Dae Jang Geum ,Korean,Gulshan,http://harriken.com/restaurants/dae-jang-geum-gulshan-2-dhaka,https://s3-ap-southeast-1.amazonaws.com/harriken/images/outlet-cover/thumb/2017/11/2017111807114322802CVRY.jpg,4.8,88028837681,"House 11/B, Road 50, Gulshan 2, Dhaka 1212"
Berlin Bakery ,"Fried Chicken, Rolls",Gulshan,http://harriken.com/restaurants/berlin-bakery-gulshan-2-dhaka,https://s3-ap-southeast-1.amazonaws.com/harriken/images/outlet-cover/thumb/2248_1_zR1VbSOl.jpg,4.5,,"Shop 4, Ground Floor, Golden Plaza Shopping Complex (Sheba House), Road 46, Gulshan 2, Dhaka 1212"
Canary Pine Restaurant ,"Indian, Continental",Gulshan,http://harriken.com/restaurants/canary-pine-restaurant-hotel-bengal-canary-park-dhaka,https://s3-ap-southeast-1.amazonaws.com/harriken/images/outlet-cover/thumb/2017/06/2017060110063018885C3S6.jpg,4.4,,"House 08, Road 16/A, Gulshan 1, Dhaka 1212"
Gulshan Spice - Holiday Villa Gram ,"Chinese, Indian, Thai",Gulshan,http://harriken.com/restaurants/gulshan-spice-holiday-villa-gram-gulshan-1-dhaka,https://s3-ap-southeast-1.amazonaws.com/harriken/images/outlet-cover/thumb/420x135.jpg,0.0,,"House SW (E) 1A/2, Road 7, Gulshan 1, Dhaka 1212"
Cafe Mario's ,"Grill, Mexican",Gulshan,http://harriken.com/restaurants/cafe-marios-gulshan-2-dhaka,https://s3-ap-southeast-1.amazonaws.com/harriken/images/outlet-cover/thumb/2017/12/20171223101247266120SWT.jpg,0.0,,"House 11, Road 68, Gulshan 2, Dhaka 1212"
Red Velvet ,"Desserts, Quick Bites",Gulshan,http://harriken.com/restaurants/red-velvet-gulshan-1-dhaka,https://s3-ap-southeast-1.amazonaws.com/harriken/images/outlet-cover/thumb/420x135.jpg,0.0,,"RM Center, 101 Gulshan Avenue, Dhaka 1212"
Ibrahim's ,"Coffee, Kebabs, Fresh Juices",Gulshan,http://harriken.com/restaurants/ibrahims-gulshan-2-dhaka,https://s3-ap-southeast-1.amazonaws.com/harriken/images/outlet-cover/thumb/2018/05/2018050605050025828SRMO.jpg,0.0,,"Road 112, Gulshan 2, Dhaka 1212"
Peyala ,"Wraps, Coffee, Iced Drinks, Tea, Breakfast and Brunch",Gulshan,http://harriken.com/restaurants/peyala-gulshan-2-dhaka,https://s3-ap-southeast-1.amazonaws.com/harriken/images/outlet-cover/thumb/2017/12/20171224121258228024TD8.jpg,4.2,,"DCC Super Market (Ground Floor), Gulshan 2, Dhaka 1212"
Tasty Tibet ,Momos,Gulshan,http://harriken.com/restaurants/tasty-tibet-gulshan-avenue-dhaka,https://s3-ap-southeast-1.amazonaws.com/harriken/images/outlet-cover/thumb/2017/11/20171120041144258282TTQ.jpg,0.0,8801713190042,"House 109, Shwapno, Hosna Tower, Gulshan Avenue, Dhaka 1212"
Caspian Persian Cuisine & Pink Berries ,"Indian, Iranian",Gulshan,http://harriken.com/restaurants/caspian-persian-cuisine-pink-berries-gulshan-2-dhaka,https://s3-ap-southeast-1.amazonaws.com/harriken/images/outlet-cover/thumb/420x135.jpg,0.0,,"RM Center (3rd Floor), 101 Gulshan Avenue, Gulshan 2, Dhaka 1212"
Fantasium ,Quick Bites,Gulshan,http://harriken.com/restaurants/fantasium-gulshan-2-dhaka,https://s3-ap-southeast-1.amazonaws.com/harriken/images/outlet-cover/thumb/2000_1_Uv2GVNxy.jpg,4.5,8801711627390,"Pink City, House 15, Road 103, Block CEN, Gulshan 2, Dhaka 1212"
Handi ,"Biryani, Indian",Gulshan,http://harriken.com/restaurants/handi-gulshan-2-dhaka,https://s3-ap-southeast-1.amazonaws.com/harriken/images/outlet-cover/thumb/2017/10/2017102512102622754ZIRW.PNG,4.3,,"Eastern Nibash (1st Floor), 138 Gulshan Avenue, Gulshan 2, Dhaka 1212"
Cooper's ,"Quick Bites, Cakes, Sandwiches, Pastries",Gulshan,http://harriken.com/restaurants/coopers-gulshan-1-dhaka,https://s3-ap-southeast-1.amazonaws.com/harriken/images/outlet-cover/thumb/2017/08/2017081401084422802HUNH.png,0.0,,"Shop 5 (Ground Floor), DCC Market, Gulshan 1, Dhaka 1212"
Blue Liscious ,"Asian Fusion, Bangladeshi, Indian",Gulshan,http://harriken.com/restaurants/blue-licious-gulshan-2-dhaka,https://s3-ap-southeast-1.amazonaws.com/harriken/images/outlet-cover/thumb/2017021409021613618H8ME.jpg,4.5,,"Hotel Bengal Blueberry(1st Floor), House 1, Road 90, Gulshan 2, Dhaka 1212"
Panash ,"Japanese, BBQ, Sushi",Gulshan,http://harriken.com/restaurants/panash-gulshan-2-dhaka,https://s3-ap-southeast-1.amazonaws.com/harriken/images/outlet-cover/thumb/2017/04/20170420010412188858FLO.jpg,4.4,,"Four Points by Sheraton, Residence Building (7th Floor), House 16B, Road 35, Gulshan 2, Dhaka 1212"
The Eatery (Suites) ,Buffet,Gulshan,http://harriken.com/restaurants/the-eatery-four-points-by-sheraton-dhaka,https://s3-ap-southeast-1.amazonaws.com/harriken/images/outlet-cover/thumb/2017/04/2017042001041718885DB8M.JPG,4.8,8801966662151,"Four Points by Sheraton, Residence Building Ground Floor), House 16B, Road 35, Gulshan 2, Dhaka 1212"
Hot Cafe-567 ,"Coffee, Fried Chicken, Shakes",Gulshan,http://harriken.com/restaurants/hot-cafe-567-police-plaza-concord-dhaka,https://s3-ap-southeast-1.amazonaws.com/harriken/images/outlet-cover/thumb/420x135.jpg,0.0,,"Shop 567, 4th Floor, Police Plaza Concord, Plot 2, Road 144, Gulshan 1, Dhaka 1212"
Daily Sushi ,"Japanese, Sushi",Gulshan,http://harriken.com/restaurants/daily-sushi-gulshan-2-dhaka,https://s3-ap-southeast-1.amazonaws.com/harriken/images/outlet-cover/thumb/2017/10/2017100812104024628XPLH.JPG,5.0,,"House 67/Kha, Shanti Society, Gulshan 2, Dhaka 1212"
Time Out ,"Asian Fusion, Mexican, Chaap",Gulshan,http://harriken.com/restaurants/time-out-gulshan-1-dhaka,https://s3-ap-southeast-1.amazonaws.com/harriken/images/outlet-cover/thumb/2018/06/2018060402064122754FXBF.jpeg,4.0,,"House 6, Road 23/A, Gulshan 1, Dhaka 1212"
Barista Lavazza ,"Coffee, Desserts",Gulshan,http://harriken.com/restaurants/barista-lavazza-gulshan-1-dhaka,https://s3-ap-southeast-1.amazonaws.com/harriken/images/outlet-cover/thumb/20170226070215136187ALQ.jpg,0.0,,"Plot SE(F)1, Gulshan South Avenue, Gulshan 1, Dhaka 1212"
Signature ,"Thai, Buffet, Set Menus",Gulshan,http://harriken.com/restaurants/signature-gulshan-1-dhaka,https://s3-ap-southeast-1.amazonaws.com/harriken/images/outlet-cover/thumb/2272_1_S7xZ2b7n.jpg,5.0,,"54/A Gulshan Avenue (1st Floor), Gulshan 1, Dhaka 1212"
Bella Italia ,"Italian, Pastas, Pizzas",Gulshan,http://harriken.com/restaurants/bella-italia-gulshan-1-dhaka,https://s3-ap-southeast-1.amazonaws.com/harriken/images/outlet-cover/thumb/2018/08/2018081203081322802OSGU.jpg,4.7,,"Rangs FC Enclave (2nd Floor), House 6/A, Road 32, Gulshan 1, Dhaka 1212"
Nanna Biriyani ,Biryani,Gulshan,http://harriken.com/restaurants/nanna-biriyani-gulshan-1-dhaka,https://s3-ap-southeast-1.amazonaws.com/harriken/images/outlet-cover/thumb/2455_1_sFyaTiJ9.jpg,5.0,8801727679155,"Rajuk Commercial Complex, Road 17, Gulshan 1, Dhaka 1212"
Binni Restaurant ,"Daal Bhaat, Bangladeshi, Biryani",Gulshan,http://harriken.com/restaurants/binni-restaurant-gulshan-1-dhaka,https://s3-ap-southeast-1.amazonaws.com/harriken/images/outlet-cover/thumb/2017/11/2017112211113922802NBRK.jpg,4.5,,"Concord Sark Building, House 56/A, Road 132, Gulshan 1, Dhaka 1212"
Sara Food & Drinks ,"Burgers, Fried Chicken",Gulshan,http://harriken.com/restaurants/sara-food-drinks-gulshan-1-dhaka-2,https://s3-ap-southeast-1.amazonaws.com/harriken/images/outlet-cover/thumb/420x135.jpg,4.6,,"Shop B-63/A, Gulshan Shopping Center (Opposite Side to Jabber Tower), Gulshan Avenue, Gulshan 1, Dhaka 1212"
The Mughal Kitchen ,"Arabian, Indian",Gulshan,http://harriken.com/restaurants/the-mughal-kitchen-gulshan-1-dhaka,https://s3-ap-southeast-1.amazonaws.com/harriken/images/outlet-cover/thumb/2017030211030613618Z1TS.jpg,0.0,,"House 4, Road 9, Gulshan 1, Dhaka 1212"
Sweets of Bengal ,"Sweets, Mishti",Gulshan,http://harriken.com/restaurants/sweets-of-bengal-gulshan-avenue-dhaka,https://s3-ap-southeast-1.amazonaws.com/harriken/images/outlet-cover/thumb/2018/05/20180514120500258283ME0.jpg,0.0,,"60 Gulshan Avenue (Ground Floor), Dhaka 1212"
Gulshan Biriyani House ,Biryani,Gulshan,http://harriken.com/restaurants/gulshan-biriyani-house-gulshan-1-dhaka,https://s3-ap-southeast-1.amazonaws.com/harriken/images/outlet-cover/thumb/420x135.jpg,0.0,8801925995742,"79 Bir Uttam Mir Shawkat Sarak, Gulshan 1, Dhaka 1212"
Sara Food & Drinks ,"Burgers, Fried Chicken",Gulshan,http://harriken.com/restaurants/sara-food-drinks-gulshan-1-dhaka-2,https://s3-ap-southeast-1.amazonaws.com/harriken/images/outlet-cover/thumb/420x135.jpg,4.6,,"Shop B-63/A, Gulshan Shopping Center (Opposite Side to Jabber Tower), Gulshan Avenue, Gulshan 1, Dhaka 1212"
Holey Artisan Bakery ,"Coffee, Cupcakes, Desserts, Sandwiches, Breakfast and Brunch",Gulshan,http://harriken.com/restaurants/holey-artisan-bakery-gulshan-2-dhaka,https://s3-ap-southeast-1.amazonaws.com/harriken/images/outlet-cover/thumb/2017/12/2017121104125922802KESJ.jpg,0.0,,"Gourmet Bazaar (1st Floor), 153/A Rangs Arcade, Gulshan North Avenue, Gulshan 2, Dhaka 1212"
Amaya ,"Asian, Buffet, Indian",Gulshan,http://harriken.com/restaurants/amaya-amari-dhaka-dhaka,https://s3-ap-southeast-1.amazonaws.com/harriken/images/outlet-cover/thumb/2017/09/201709300109382280227YA.jpg,4.3,,"Amari Dhaka, House 47, Road 41, Gulshan 2, Dhaka 1212"
El Toro ,Mexican,Gulshan,http://harriken.com/restaurants/el-toro-gulshan-2-dhaka,https://s3-ap-southeast-1.amazonaws.com/harriken/images/outlet-cover/thumb/2017/09/2017091210095722802OTQF.jpg,4.2,8801938599538,"House 9, Road 36, Gulshan 2, Dhaka 1212"
Sushi Tei ,"Japanese, Sushi",Gulshan,http://harriken.com/restaurants/sushi-tei-gulshan-1-dhaka,https://s3-ap-southeast-1.amazonaws.com/harriken/images/outlet-cover/thumb/2017/12/2017123011124522802TWCG.jpg,4.4,,"Crystal Palace (1st Floor), House SE(D) 22, Road 140, Bir Uttam Mir Shawkat Sarak, Gulshan, Dhaka 1212"
Cream Fresh ,Quick Bites,Gulshan,http://harriken.com/restaurants/cream-fresh-niketon-dhaka,https://s3-ap-southeast-1.amazonaws.com/harriken/images/outlet-cover/thumb/420x135.jpg,0.0,8801681729504,"House 37, Road 4, Block D, Niketon, Gulshan 1, Dhaka 1212"
Mollika Snacks ,Quick Bites,Gulshan,http://harriken.com/restaurants/mollika-snacks-gulshan-1-dhaka-2,https://s3-ap-southeast-1.amazonaws.com/harriken/images/outlet-cover/thumb/420x135.jpg,0.0,8801872227559,"House SWF 4/A ( (Beside Niketon Gate), Road 1, Gulshan 1, Dhaka 1212"
Khazana Mithai ,Mishti,Gulshan,http://harriken.com/restaurants/khazana-mithai-gulshan-2-dhaka,https://s3-ap-southeast-1.amazonaws.com/harriken/images/outlet-cover/thumb/2017022607024513618VCNQ.jpg,0.0,8801611000080,"Shop 122, Taher Tower, 10 Gulshan Circle 2, Dhaka 1212"
Tabaq Coffee ,"Coffee, Desserts, Sandwiches, Iced Drinks, Smoothies",Gulshan,http://harriken.com/restaurants/tabaq-coffee-gulshan-1-dhaka,https://s3-ap-southeast-1.amazonaws.com/harriken/images/outlet-cover/thumb/2018/03/2018031908031422802QJ3M.jpg,4.8,,"Crystal Palace (1st Floor), 22 Gulshan Avenue, Gulshan 1, Dhaka 1212"
Secret Recipe ,"Desserts, Shakes, Cakes",Gulshan,http://harriken.com/restaurants/secret-recipe-gulshan-2-dhaka,https://s3-ap-southeast-1.amazonaws.com/harriken/images/outlet-cover/thumb/2017/11/20171108041156227554BE1.jpg,5.0,,"Bhaban Market ,Shop no 05, Gulshan 2, Dhaka 1212"
Alif Fast Food and Juice Bar ,"Fried Chicken, Biryani",Gulshan,http://harriken.com/restaurants/alif-fast-food-and-juice-bar-niketon-dhaka,https://s3-ap-southeast-1.amazonaws.com/harriken/images/outlet-cover/thumb/420x135.jpg,0.0,,"House 145, Road 3, Block A, Niketon, Gulshan 1, Dhaka 1212"
Tasty Tibet ,Momos,Gulshan,http://harriken.com/restaurants/tasty-tibet-gulshan-avenue-dhaka,https://s3-ap-southeast-1.amazonaws.com/harriken/images/outlet-cover/thumb/2017/11/20171120041144258282TTQ.jpg,0.0,8801713190042,"House 109, Shwapno, Hosna Tower, Gulshan Avenue, Dhaka 1212"
The Sonar Tori Restaurant ,Bangladeshi,Gulshan,http://harriken.com/restaurants/the-sonar-tori-restaurant-gulshan-1-dhaka,https://s3-ap-southeast-1.amazonaws.com/harriken/images/outlet-cover/thumb/420x135.jpg,0.0,8801863823065,"Shop B-25, Gulshan Shopping Center, Road 11, Gulshan 1, Dhaka 1212"
Safwan's Kitchen ,Quick Bites,Gulshan,http://harriken.com/restaurants/safwans-kitchen-gulshan-1-dhaka,https://s3-ap-southeast-1.amazonaws.com/harriken/images/outlet-cover/thumb/420x135.jpg,0.0,8801977656511,"House 60/A, Road 131, Gulshan 1, Dhaka 1212"
Pan Factory ,Indian,Gulshan,http://harriken.com/restaurants/pan-factory-gulshan-2-dhaka,https://s3-ap-southeast-1.amazonaws.com/harriken/images/outlet-cover/thumb/420x135.jpg,0.0,8801941111333,"House 9/A, Road 53, Gulshan 2, Dhaka 1212"
Baton Rouge ,Buffet,Gulshan,http://harriken.com/restaurants/baton-rouge-gulshan-2-dhaka,https://s3-ap-southeast-1.amazonaws.com/harriken/images/outlet-cover/thumb/2001_1_cmexjqzm.jpg,4.4,8801724125457,"Pink City (7th Floor), House 15, Road 103, Block CEN, Gulshan 2, Dhaka 1212"
Dao Xiang Cun ,"Chinese, Cantonese, Oriental",Gulshan,http://harriken.com/restaurants/dao-xiang-cun-gulshan-2-dhaka,https://s3-ap-southeast-1.amazonaws.com/harriken/images/outlet-cover/thumb/2018/01/201801130101302280245PY.jpg,0.0,,"House 32, Road 100, Gulshan 2, Dhaka 1212"
6 on 96 Cafe ,"Coffee, Quick Bites",Gulshan,http://harriken.com/restaurants/6-on-96-cafe-six-seasons-hotel-dhaka,https://s3-ap-southeast-1.amazonaws.com/harriken/images/outlet-cover/thumb/2018/01/2018012503015325828ZZDU.jpg,0.0,,"Six Seasons Hotel(Ground Floor), House 19, Road 96, Gulshan 2, Dhaka, Bangladesh 1212"
Food Hill ,"Chinese, Indian, Thai",Gulshan,http://harriken.com/restaurants/food-hill-police-plaza-concord-dhaka,https://s3-ap-southeast-1.amazonaws.com/harriken/images/outlet-cover/thumb/420x135.jpg,0.0,,"Shop 566, 4th Floor, Police Plaza Concord , Gulshan 1, Dhaka 1212"
California Fried Chicken & Pastry Shop (CFC) ,"Fried Chicken, Cakes, Pastries",Gulshan,http://harriken.com/restaurants/california-fried-chicken-pastry-shop-cfc-gulshan-2-dhaka,https://s3-ap-southeast-1.amazonaws.com/harriken/images/outlet-cover/thumb/2017/10/2017102404103322802UJMG.jpg,0.0,,"Meher Nibash, House 12B, Road 55, Gulshan North Avenue, Gulshan 2, Dhaka 1212"
Burger World ,Burgers,Gulshan,http://harriken.com/restaurants/burger-world-gulshan-1-dhaka,https://s3-ap-southeast-1.amazonaws.com/harriken/images/outlet-cover/thumb/420x135.jpg,0.0,8801913989909,"56 Gulshan Avenue, Dhaka 1212"
Lotus Etang ,"Pan Asian, Oriental, Dim Sum",Gulshan,http://harriken.com/restaurants/lotus-etang-gulshan-1-dhaka,https://s3-ap-southeast-1.amazonaws.com/harriken/images/outlet-cover/thumb/2017/05/2017050604053118885JLFI.jpg,4.5,,"Bay Building (10th Floor), 23 Gulshan Avenue, Gulshan 1, Dhaka 1212"
Rosh Mishti ,Mishti,Gulshan,http://harriken.com/restaurants/rosh-mishti-gulshan-2-dhaka,https://s3-ap-southeast-1.amazonaws.com/harriken/images/outlet-cover/thumb/420x135.jpg,0.0,88029856951,"Shop 2, Ground Floor, Gulshan Bhabon Market, Gulshan 2 Circle, Dhaka 1212"
Bulls N Barrels ,"Steaks, Seafood, American",Gulshan,http://harriken.com/restaurants/bulls-n-barrels-gulshan-2-dhaka,https://s3-ap-southeast-1.amazonaws.com/harriken/images/outlet-cover/thumb/2017/03/2017032410035818885VCBP.png,4.4,,"House 24, Road 36, Gulshan 2, Dhaka 1212"
Lounge Comida ,"Chinese, Indian, Continental",Gulshan,http://harriken.com/restaurants/lounge-comida-gulshan-1-dhaka,https://s3-ap-southeast-1.amazonaws.com/harriken/images/outlet-cover/thumb/2448_1_uUOAXGK7.jpg,4.0,,"House 2, Road 22, Gulshan 1, Dhaka 1212"
Lettuce ,"Salads, Iced Drinks",Gulshan,http://harriken.com/restaurants/lettuce-gulshan-2-dhaka,https://s3-ap-southeast-1.amazonaws.com/harriken/images/outlet-cover/thumb/420x135.jpg,0.0,,"DCC Super Market, Gulshan 2, Dhaka 1212"
Pizza La Vita ,Pizzas,Gulshan,http://harriken.com/restaurants/pizza-la-vita-gulshan-2-dhaka,https://s3-ap-southeast-1.amazonaws.com/harriken/images/outlet-cover/thumb/420x135.jpg,0.0,8801755990707,"Gulshan 2, Dhaka 1212"
Tacos - Mexican Food ,Mexican,Gulshan,http://harriken.com/restaurants/tacos-mexican-food-police-plaza-concord-dhaka,https://s3-ap-southeast-1.amazonaws.com/harriken/images/outlet-cover/thumb/2353_1_IOJJdibH.jpg,0.0,8801977994141,"Shop 537, 4th Floor, Police Plaza Concord , Plot 2, Road 144, Gulshan 1, Dhaka 1212"
Krispy Kreme ,"Coffee, Doughnuts, Iced Drinks",Gulshan,http://harriken.com/restaurants/krispy-kreme-unimart-dhaka,https://s3-ap-southeast-1.amazonaws.com/harriken/images/outlet-cover/thumb/2018/06/2018060805060022802BSG4.jpg,4.4,,"Unimart, House 23-26, Road 90-91, Gulshan 2, Dhaka 1212"
Margarita Storm ,Mexican,Gulshan,http://harriken.com/restaurants/margarita-storm-gulshan-2-dhaka,https://s3-ap-southeast-1.amazonaws.com/harriken/images/outlet-cover/thumb/2471_1_Qd2IDYBT.jpg,0.0,8801627771111,"House 16B, Road 112, Gulshan 2, Dhaka 1212"
Rosh Mishti ,Mishti,Gulshan,http://harriken.com/restaurants/rosh-mishti-gulshan-2-dhaka,https://s3-ap-southeast-1.amazonaws.com/harriken/images/outlet-cover/thumb/420x135.jpg,0.0,88029856951,"Shop 2, Ground Floor, Gulshan Bhabon Market, Gulshan 2 Circle, Dhaka 1212"
Cooper's ,"Cakes, Sandwiches, Quick Bites, Pastries",Gulshan,http://harriken.com/restaurants/coopers-gulshan-2-dhaka,https://s3-ap-southeast-1.amazonaws.com/harriken/images/outlet-cover/thumb/2017/08/2017081401080722802VWKM.png,4.2,,"House 2, Road 46, Gulshan 2, Dhaka 1212"
Cafe 108 ,"Chinese, Burgers, Hot Dogs",Gulshan,http://harriken.com/restaurants/cafe-108-gulshan-2-dhaka,https://s3-ap-southeast-1.amazonaws.com/harriken/images/outlet-cover/thumb/2394_1_y77zf2U8.jpg,0.0,,"House 14, Road 108, Gulshan 2, Dhaka 1212"
California Fried Chicken & Pastry Shop (CFC) ,"Fried Chicken, Cakes, Pastries",Gulshan,http://harriken.com/restaurants/california-fried-chicken-pastry-shop-cfc-niketon-dhaka,https://s3-ap-southeast-1.amazonaws.com/harriken/images/outlet-cover/thumb/20170226050222136183RDO.jpg,4.3,,"House 4/A, Road 2, Gulshan South, Gulshan 1, Dhaka 1212"
Well Food ,"Quick Bites, Cakes",Gulshan,http://harriken.com/restaurants/well-food-gulshan-2-dhaka,https://s3-ap-southeast-1.amazonaws.com/harriken/images/outlet-cover/thumb/2018/09/2018092412090822802CQDQ.jpg,0.0,,"28 Gulshan, Gulshan 2, Dhaka 1212"
Chittagong Bull ,"Mezbani, Bangladeshi, Daal Bhaat, Set Menus, Breakfast and Brunch",Gulshan,http://harriken.com/restaurants/chittagong-bull-gulshan-2-dhaka,https://s3-ap-southeast-1.amazonaws.com/harriken/images/outlet-cover/thumb/2018/04/2018040811042922802SPM5.jpg,4.4,,"112 Gulshan Avenue, Gulshan 2, Dhaka 1212"
China Golden Rice ,Chinese,Gulshan,http://harriken.com/restaurants/china-golden-rice-gulshan-2-dhaka,https://s3-ap-southeast-1.amazonaws.com/harriken/images/outlet-cover/thumb/420x135.jpg,0.0,8801772423323,"House 15/B, Road 118, Gulshan 2, Dhaka 1212"
Coffee Republic ,"Coffee, Quick Bites",Gulshan,http://harriken.com/restaurants/coffee-republic-gulshan-1-dhaka,https://s3-ap-southeast-1.amazonaws.com/harriken/images/outlet-cover/thumb/2017030211033813618WRAJ.jpg,0.0,,"2nd Floor, 54/A Gulshan Avenue, Gulshan 1, Dhaka 1212"
Cafe Mario's ,"Grill, Mexican",Gulshan,http://harriken.com/restaurants/cafe-marios-gulshan-2-dhaka,https://s3-ap-southeast-1.amazonaws.com/harriken/images/outlet-cover/thumb/2017/12/20171223101247266120SWT.jpg,0.0,,"House 11, Road 68, Gulshan 2, Dhaka 1212"
Goong The Castle ,Korean,Gulshan,http://harriken.com/restaurants/goong-the-castle-gulshan-2-dhaka,https://s3-ap-southeast-1.amazonaws.com/harriken/images/outlet-cover/thumb/2018/07/2018070104071822802X9DU.jpg,4.3,8801735789232,"House 12/B, Road 50, Gulshan 2, Dhaka 1212"
The Living Room ,Quick Bites,Gulshan,http://harriken.com/restaurants/the-living-room-westin-dhaka,https://s3-ap-southeast-1.amazonaws.com/harriken/images/outlet-cover/thumb/2017/06/2017062908060518885MX52.jpg,0.0,88029891988,"The Westin Dhaka (1st Floor), Plot 1, Road 45, Main Gulshan Avenue, CWN (B), Gulshan 2, Dhaka 1212"
Krua Thai ,"Desserts, Thai",Gulshan,http://harriken.com/restaurants/krua-thai-gulshan-1-dhaka,https://s3-ap-southeast-1.amazonaws.com/harriken/images/outlet-cover/thumb/420x135.jpg,4.8,,"Hatirjheel, Gulshan 1, Dhaka 1212"
Chittagong Bull ,"Mezbani, Bangladeshi, Daal Bhaat, Set Menus, Breakfast and Brunch",Gulshan,http://harriken.com/restaurants/chittagong-bull-gulshan-2-dhaka,https://s3-ap-southeast-1.amazonaws.com/harriken/images/outlet-cover/thumb/2018/04/2018040811042922802SPM5.jpg,4.4,,"112 Gulshan Avenue, Gulshan 2, Dhaka 1212"
Golden Goose Restaurant ,Buffet,Gulshan,http://harriken.com/restaurants/golden-goose-restaurant-lakeshore-dhaka,https://s3-ap-southeast-1.amazonaws.com/harriken/images/outlet-cover/thumb/2017021107021213618IGCG.JPG,4.8,88029859991,"Lakeshore Hotel, House 46, Road 41, Gulshan 2, Dhaka 1212"
Flames ,"Chinese, Italian, Thai",Gulshan,http://harriken.com/restaurants/flames-police-plaza-concord-dhaka,https://s3-ap-southeast-1.amazonaws.com/harriken/images/outlet-cover/thumb/420x135.jpg,0.0,,"Shop 569, 4th Floor, Police Plaza Concord, Plot 2, Road 144, Gulshan 1, Dhaka 1212"
Glazed ,"Coffee, Doughnuts",Gulshan,http://harriken.com/restaurants/glazed-gulshan-2-dhaka,https://s3-ap-southeast-1.amazonaws.com/harriken/images/outlet-cover/thumb/2017030205033513618LURO.jpg,4.6,,"Shop G2, Ground Floor, DCC Market, Gulshan 2, Dhaka 1212"
Capricorn's World ,"Quick Bites, Fried Chicken, Burgers",Gulshan,http://harriken.com/restaurants/capricorns-world-gulshan-1-dhaka,https://s3-ap-southeast-1.amazonaws.com/harriken/images/outlet-cover/thumb/2427_1_qUzsWo7e.jpg,0.0,,"Shopno (Beside Niketon Gate), Gulshan 1, Dhaka 1212"
Pizza Hut ,"Pizzas, Pastas",Gulshan,http://harriken.com/restaurants/pizza-hut-gulshan-1-dhaka,https://s3-ap-southeast-1.amazonaws.com/harriken/images/outlet-cover/thumb/2017/07/2017072602074018885DNWY.png,4.3,,"House SEF(1), Road 140, Gulshan South Avenue, Gulshan 1, Dhaka 1212"
Bao ,"Bao, Sandwiches, Tea",Gulshan,http://harriken.com/restaurants/bao-gulshan-1-dhaka,https://s3-ap-southeast-1.amazonaws.com/harriken/images/outlet-cover/thumb/2017/09/2017092903095922802E05Q.jpg,4.1,,"House 1/A (1st Floor), Road 23, Gulshan 1, Dhaka 1212"
Pan Factory ,Indian,Gulshan,http://harriken.com/restaurants/pan-factory-gulshan-2-dhaka,https://s3-ap-southeast-1.amazonaws.com/harriken/images/outlet-cover/thumb/420x135.jpg,0.0,8801941111333,"House 9/A, Road 53, Gulshan 2, Dhaka 1212"
Brews & Bites ,"Coffee, Desserts, Iced Drinks",Gulshan,http://harriken.com/restaurants/brews-bites-gulshan-2-dhaka-2,https://s3-ap-southeast-1.amazonaws.com/harriken/images/outlet-cover/thumb/2018/07/2018071503072022802YALU.jpg,4.3,,"112 Gulshan Avenue (1st Floor), Dhaka 1212"
Shiraz Mughlai Feast ,"Biryani, Indian, Kebabs",Gulshan,http://harriken.com/restaurants/shiraz-mughlai-feast-gulshan-1-dhaka,https://s3-ap-southeast-1.amazonaws.com/harriken/images/outlet-cover/thumb/2487_1_ms7NeG7h.jpg,0.0,,"Uday Tower, 57 & 57/A Gulshan Avenue (South), Dhaka 1212"
Canary Pine Restaurant ,"Indian, Continental",Gulshan,http://harriken.com/restaurants/canary-pine-restaurant-hotel-bengal-canary-park-dhaka,https://s3-ap-southeast-1.amazonaws.com/harriken/images/outlet-cover/thumb/2017/06/2017060110063018885C3S6.jpg,4.4,,"House 08, Road 16/A, Gulshan 1, Dhaka 1212"
Cozy Lounge ,"Coffee, Quick Bites, Pastries",Gulshan,http://harriken.com/restaurants/cozy-lounge-long-beach-suites-dhaka,https://s3-ap-southeast-1.amazonaws.com/harriken/images/outlet-cover/thumb/2017/04/2017042304040118885IIMU.jpg,4.8,,"House CEN 4G, Road 104, Gulshan 2, Dhaka 1212"
KFC ,Fried Chicken,Gulshan,http://harriken.com/restaurants/kfc-gulshan-1-dhaka-2,https://s3-ap-southeast-1.amazonaws.com/harriken/images/outlet-cover/thumb/2018/08/2018081203084122802GLUY.jpg,0.0,88028837564,"Gulshan South Tower (Ground Floor), House 50, Road 3, Gulshan 1, Dhaka 1212"
Pizza Italiana ,"Italian, Pastas, Pizzas",Gulshan,http://harriken.com/restaurants/pizza-italiana-gulshan-1-dhaka,https://s3-ap-southeast-1.amazonaws.com/harriken/images/outlet-cover/thumb/2017/09/2017091412093422802UXEX.jpg,4.5,,"Molly Capita Centre (2nd Floor), 76 Gulshan Avenue, Gulshan 1, Dhaka 1212"
Sky Pool Restaurant ,"Italian, Mexican, Continental",Gulshan,http://harriken.com/restaurants/sky-pool-restaurant-six-seasons-hotel-dhaka,https://s3-ap-southeast-1.amazonaws.com/harriken/images/outlet-cover/thumb/2017/05/2017051006051418885EKGP.jpg,4.9,,"Six Seasons Hotel (13th Floor), House 19, Road 96, Gulshan 2, Dhaka 1212"
Food Hill ,"Chinese, Indian, Thai",Gulshan,http://harriken.com/restaurants/food-hill-police-plaza-concord-dhaka,https://s3-ap-southeast-1.amazonaws.com/harriken/images/outlet-cover/thumb/420x135.jpg,0.0,,"Shop 566, 4th Floor, Police Plaza Concord , Gulshan 1, Dhaka 1212"
Swiss Delight ,Coffee,Gulshan,http://harriken.com/restaurants/swiss-delight-gulshan-2-dhaka,https://s3-ap-southeast-1.amazonaws.com/harriken/images/outlet-cover/thumb/420x135.jpg,4.5,8801622666602,"Hotel Bengal Blueberry (Lobby), House 1, Road 90, Gulshan 2, Dhaka 1212"
Dhansiri Restaurant ,Bangladeshi,Gulshan,http://harriken.com/restaurants/dhansiri-restaurant-gulshan-2-dhaka,https://s3-ap-southeast-1.amazonaws.com/harriken/images/outlet-cover/thumb/1986_1_DhqaTmTp.jpg,0.0,88029882125,"House 103, Gulshan 2, Dhaka 1212"
TFC ,"Fried Chicken, Fries",Gulshan,http://harriken.com/restaurants/tfc-niketon-dhaka,https://s3-ap-southeast-1.amazonaws.com/harriken/images/outlet-cover/thumb/420x135.jpg,0.0,,"House 21, Road 6, Block E, Niketon, Gulshan, Dhaka 1212"
New Zealand Natural Premium Ice Cream ,Ice Cream,Gulshan,http://harriken.com/restaurants/new-zealand-natural-premium-ice-cream-gulshan-1-dhaka,https://s3-ap-southeast-1.amazonaws.com/harriken/images/outlet-cover/thumb/2017030211031913618ZSBJ.jpg,4.3,8801765246946,"House 10A, Road 142, Gulshan 1, Dhaka 1212"
Daily Treats ,"Quick Bites, Ice Cream, Coffee",Gulshan,http://harriken.com/restaurants/daily-treats-westin-dhaka,https://s3-ap-southeast-1.amazonaws.com/harriken/images/outlet-cover/thumb/2017/06/2017062908060618885G1MW.jpg,4.0,,"The Westin Dhaka (Ground Floor), Plot 1, Road 45, Main Gulshan Avenue, CWN (B), Gulshan 2, Dhaka 1212"
Baily Bar-B-Q ,"Bangladeshi, BBQ, Kebabs",Gulshan,http://harriken.com/restaurants/baily-bar-b-q-gulshan-1-dhaka-2,https://s3-ap-southeast-1.amazonaws.com/harriken/images/outlet-cover/thumb/2017/12/2017123101124626612MJCH.jpg,0.0,,"House 2, Road 21, Gulshan 1, Dhaka 1212"
Ruchitam ,"Chinese, Indian, Daal Bhaat",Gulshan,http://harriken.com/restaurants/ruchitam-gulshan-1-dhaka,https://s3-ap-southeast-1.amazonaws.com/harriken/images/outlet-cover/thumb/2424_1_UYlrw0Yz.jpg,0.0,,"House 1/B, Road 8, Gulshan 1, Dhaka 1212"
BitterSweet Cafe ,"Quick Bites, Coffee, Cupcakes, Sandwiches",Gulshan,http://harriken.com/restaurants/bitter-sweet-cafe-gulshan-2-dhaka,https://s3-ap-southeast-1.amazonaws.com/harriken/images/outlet-cover/thumb/2017/12/2017122409123522802HSRS.jpg,4.5,,"House 10, Road 53, Gulshan 2, Dhaka 1212"
American Burger ,Burgers,Gulshan,http://harriken.com/restaurants/american-burger-gulshan-2-dhaka,https://s3-ap-southeast-1.amazonaws.com/harriken/images/outlet-cover/thumb/2017/09/20170905020902228028627.jpg,4.7,8801979224425,"Metropolitan Shopping Plaza (Ground Floor), Shops 21 and 22, Gulshan 2, Dhaka 1212"
American Burger ,Burgers,Gulshan,http://harriken.com/restaurants/american-burger-gulshan-2-dhaka,https://s3-ap-southeast-1.amazonaws.com/harriken/images/outlet-cover/thumb/2017/09/20170905020902228028627.jpg,4.7,8801979224425,"Metropolitan Shopping Plaza (Ground Floor), Shops 21 and 22, Gulshan 2, Dhaka 1212"
Horse and Horse ,"Coffee, Sandwiches, Desserts, Salads",Gulshan,http://harriken.com/restaurants/horse-and-horse-gulshan-avenue-dhaka,https://s3-ap-southeast-1.amazonaws.com/harriken/images/outlet-cover/thumb/2018/03/2018030402035026612DOXE.jpg,0.0,,"Cityscape Tower (Ground Floor), 53 Gulshan Avenue, Dhaka 1212"
Saltz ,Seafood,Gulshan,http://harriken.com/restaurants/saltz-gulshan-2-dhaka,https://s3-ap-southeast-1.amazonaws.com/harriken/images/outlet-cover/thumb/2017030111030613618RVLF.jpg,4.5,8801711119692,"1st Floor, NWF 8 Gulshan North Avenue, Gulshan 2, Dhaka 1212"
Umai ,"Japanese, Sushi",Gulshan,http://harriken.com/restaurants/umai-gulshan-2-dhaka,https://s3-ap-southeast-1.amazonaws.com/harriken/images/outlet-cover/thumb/2017/05/2017050503055018885D04S.jpg,4.5,,"House 8, Road 50, Gulshan 2, Dhaka 1212"
Fusion Cafe ,"Quick Bites, Fuchka Chotpoti",Gulshan,http://harriken.com/restaurants/fusion-cafe-gulshan-1-dhaka,https://s3-ap-southeast-1.amazonaws.com/harriken/images/outlet-cover/thumb/2018/05/2018050702053922802B7CL.jpg,0.0,,"74 Gulshan Avenue, Dhaka 1212"
Sub Lover's ,Mexican,Gulshan,http://harriken.com/restaurants/sub-lovers-police-plaza-concord-dhaka,https://s3-ap-southeast-1.amazonaws.com/harriken/images/outlet-cover/thumb/420x135.jpg,4.8,8801874609814,"Shop 544, 4th Floor, Police Plaza Concord, Gulshan 1, Dhaka 1212"
Sausly's ,"Sandwiches, Quick Bites",Gulshan,http://harriken.com/restaurants/sauslys-gulshan-2-dhaka,https://s3-ap-southeast-1.amazonaws.com/harriken/images/outlet-cover/thumb/1249_1_6uoPef4X.jpg,4.0,,"Shariotullah Bhaban (Ground Floor), 121/C Gulshan Avenue, Gulshan 2, Dhaka 1212"
Converse Cafe ,"Coffee, Quick Bites, Pastries",Gulshan,http://harriken.com/restaurants/converse-cafe-gulshan-2-dhaka,https://s3-ap-southeast-1.amazonaws.com/harriken/images/outlet-cover/thumb/420x135.jpg,0.0,,"The Way Dhaka, House 10/B/2, Road 54/B, Gulshan 2, Dhaka 1212"
Bao ,"Bao, Sandwiches, Tea",Gulshan,http://harriken.com/restaurants/bao-gulshan-1-dhaka,https://s3-ap-southeast-1.amazonaws.com/harriken/images/outlet-cover/thumb/2017/09/2017092903095922802E05Q.jpg,4.1,,"House 1/A (1st Floor), Road 23, Gulshan 1, Dhaka 1212"
Nanna Biriyani ,Biryani,Gulshan,http://harriken.com/restaurants/nanna-biriyani-gulshan-2-dhaka,https://s3-ap-southeast-1.amazonaws.com/harriken/images/outlet-cover/thumb/1989_1_1qvrpr7h.jpg,0.0,8801740591650,"House 3, Road 46, Gulshan 2, Dhaka 1212"
Sushi Tei ,"Japanese, Sushi",Gulshan,http://harriken.com/restaurants/sushi-tei-gulshan-1-dhaka,https://s3-ap-southeast-1.amazonaws.com/harriken/images/outlet-cover/thumb/2017/12/2017123011124522802TWCG.jpg,4.4,,"Crystal Palace (1st Floor), House SE(D) 22, Road 140, Bir Uttam Mir Shawkat Sarak, Gulshan, Dhaka 1212"
Marble Slab Creamery ,"Cakes, Pastries, Ice Cream",Gulshan,http://harriken.com/restaurants/marble-slab-creamery-bangladesh-gulshan-2-dhaka,https://s3-ap-southeast-1.amazonaws.com/harriken/images/outlet-cover/thumb/2017/09/2017092105090222755NEMW.png,4.8,,"40/8 North Avenue, Gulshan 2, Dhaka 1212"
Peyala ,"Wraps, Coffee, Iced Drinks, Tea, Breakfast and Brunch",Gulshan,http://harriken.com/restaurants/peyala-gulshan-2-dhaka,https://s3-ap-southeast-1.amazonaws.com/harriken/images/outlet-cover/thumb/2017/12/20171224121258228024TD8.jpg,4.2,,"DCC Super Market (Ground Floor), Gulshan 2, Dhaka 1212"
Thai Signatures ,Thai,Gulshan,http://harriken.com/restaurants/thai-signatures-gulshan-2-dhaka,https://s3-ap-southeast-1.amazonaws.com/harriken/images/outlet-cover/thumb/2018/06/2018060712065922802YYVI.jpg,0.0,8801639668252,"House 6A (1st Floor), Road 113, Gulshan, Dhaka 1212"
Panash ,"Japanese, BBQ, Sushi",Gulshan,http://harriken.com/restaurants/panash-gulshan-2-dhaka,https://s3-ap-southeast-1.amazonaws.com/harriken/images/outlet-cover/thumb/2017/04/20170420010412188858FLO.jpg,4.4,,"Four Points by Sheraton, Residence Building (7th Floor), House 16B, Road 35, Gulshan 2, Dhaka 1212"
Bengal Restaurnt ,"Indian, Kebabs",Gulshan,http://harriken.com/restaurants/bengal-restaurnt-gulshan-1-dhaka,https://s3-ap-southeast-1.amazonaws.com/harriken/images/outlet-cover/thumb/420x135.jpg,0.0,,"Bengal Inn, House -07, Road -16, Gulshan 1, Dhaka 1212"
Khazana ,"Indian, Pakistani",Gulshan,http://harriken.com/restaurants/khazana-gulshan-2-dhaka,https://s3-ap-southeast-1.amazonaws.com/harriken/images/outlet-cover/thumb/2018/02/20180211120249258282NRC.jpg,4.3,,"House 8, Road 51, Gulshan 2, Dhaka 1212"
Pan Factory ,Indian,Gulshan,http://harriken.com/restaurants/pan-factory-gulshan-2-dhaka,https://s3-ap-southeast-1.amazonaws.com/harriken/images/outlet-cover/thumb/420x135.jpg,0.0,8801941111333,"House 9/A, Road 53, Gulshan 2, Dhaka 1212"
Handi ,"Biryani, Indian",Gulshan,http://harriken.com/restaurants/handi-gulshan-2-dhaka,https://s3-ap-southeast-1.amazonaws.com/harriken/images/outlet-cover/thumb/2017/10/2017102512102622754ZIRW.PNG,4.3,,"Eastern Nibash (1st Floor), 138 Gulshan Avenue, Gulshan 2, Dhaka 1212"
Tokyo Express ,"Japanese, Asian Fusion, Bento Boxes",Gulshan,http://harriken.com/restaurants/tokyo-express-gulshan-2-dhaka,https://s3-ap-southeast-1.amazonaws.com/harriken/images/outlet-cover/thumb/2017/05/2017050105053618885KCVV.jpg,0.0,,"House 16B, Road 112, Gulshan 2, Dhaka 1212"
Brews & Bites ,"Coffee, Desserts, Iced Drinks",Gulshan,http://harriken.com/restaurants/brews-bites-gulshan-2-dhaka-2,https://s3-ap-southeast-1.amazonaws.com/harriken/images/outlet-cover/thumb/2018/07/2018071503072022802YALU.jpg,4.3,,"112 Gulshan Avenue (1st Floor), Dhaka 1212"
Goong The Castle ,Korean,Gulshan,http://harriken.com/restaurants/goong-the-castle-gulshan-2-dhaka,https://s3-ap-southeast-1.amazonaws.com/harriken/images/outlet-cover/thumb/2018/07/2018070104071822802X9DU.jpg,4.3,8801735789232,"House 12/B, Road 50, Gulshan 2, Dhaka 1212"
House Cafe ,Quick Bites,Gulshan,http://harriken.com/restaurants/house-cafe-gulshan-2-dhaka,https://s3-ap-southeast-1.amazonaws.com/harriken/images/outlet-cover/thumb/420x135.jpg,4.0,8801921083402,"House 14/B, Road 57, Gulshan 2, Dhaka 1212"
La Tarte ,"Cakes, Pastries",Gulshan,http://harriken.com/restaurants/la-tarte-gulshan-1-dhaka,https://s3-ap-southeast-1.amazonaws.com/harriken/images/outlet-cover/thumb/2017/10/2017101211103622802RSDO.jpg,4.0,,"35 Gulshan Avenue, Dhaka 1212"
Chatime ,"Iced Drinks, Tea, Shakes",Gulshan,http://harriken.com/restaurants/chatime-gulshan-avenue-dhaka,https://s3-ap-southeast-1.amazonaws.com/harriken/images/outlet-cover/thumb/2018/02/2018022304023022802VIUG.jpg,0.0,,"Casablanca Ridge Park (1st Floor), 114 Gulshan Avenue, Dhaka 1212"
